 단어	의미 일본어	예	예 일본어	한자	
색깔	色			色깔	
빵	パン				
물	水				
시계	時計			時計	
돼지	豚				
개	犬				
~개	個　＞　パン20個	빵 이십개		個	
외국	外国			外國	
과일	果物				
쥐	鼠				
옷	服				
밥	ご飯				
음식	音楽			飮食	
고양이	猫				
사람	人				
서울	ソウル				
출신	出身	일본 출신이에요		出身	
어디	どこ	어디 사람이에요?			
영국	イギリス			英國	
네	はい				
아니요	いいえ				
미국	アメリカ			美國	
감사하다	感謝する、ありがとう	감사해요		感謝하다	
잘 먹겠습니다	いただきます				
안녕히 가세요	さようなら			安寧	
안녕히 계세요	さようなら			安寧	
미안합니다	ごめんなさい			未安하다	
괜찮습니다	大丈夫です				
안녕하세요	こんにちは			安寧하다	
만나서 반가워요	お会いできて嬉しいです				
실례합니다	失礼します			失禮	
잘 부탁드려요	よろしくお願いします			付託	
아니에요	ありがとう。いえいえ！	감사합니다. 아니에요!			
~아니에요	～ではありません	중국 출신아니에요			
커피	コーヒー				
여기	ここ				
거기	そこ				
저기	あそこ				
회사	会社			會社	
책	本			冊	
휴대폰	携帯電話			携帶phone	
식탁	食卓			食卓	
학교	学校			學校	
방	部屋			房	
의자	椅子			椅子	
아이	子供				
의	の				
안	中	방 안에			
위	上	책상 위에			
아래	下	책상 아래에			
있다	ある				
없다	ない				
컴퓨터	コンピューター				
텔레비전	テレビ				
펜	ペン				
집	家				
가방	鞄				
뭐	何				
뭐가 없다	部屋の中に何かありませんか	방 안에 뭐가없어요?			
사과	林檎	沙果/砂果			
책상	机	冊床			
이름	名前				
나의 (내?)	私の　＞私の名前	나의 이름			
저의	私の				
아빠	パパ				
아버지	お父さん				
엄마	ママ				
어머니	お母さん(丁寧)				
어머님	お母さま、母上				
사랑하다	愛する				
이	この				
그	その				
저	あの				
그는	彼は				
그녀는	彼女は			그女	
~도	～も				
살다	住む	프랑스에 살아요			
좋다	良い	좋아요			
좋은	良い～	그는 좋은 사람이에요			
유학생	留学生			留學生	
~들	～達				
선생님	先生			先生님	
남자	男性			男子	
여자	女性			女子	
행복(하다)	幸せ	행복한 고양이		幸福	
대학생	大学生			大學生	
우리	私達、うち、我が～				
저희	私達				
친구	友達			親舊	
무슨	何の				
무엇이	何が　＞　ここに何がありますか	여기에 무엇이 있어요			
야채	野菜			野菜	
초밥	寿司			醋밥	
마시다	飲む	물을 안 마셔요			
치킨	チキン				
싫어하다	嫌い				
계란	卵			鷄卵	
생선	魚			生鮮	
주스	ジュース				
맛	味				
맛있는	美味しい　＞　美味しい魚	맛있는 생선			
맛있어요	美味しいです				
먹다	食べる	먹어요			
빨리	速く				
아침	朝、朝ご飯	아침을 먹어요			
점심	昼ご飯			點心	
저녁	夜、夜ご飯				
고기	肉				
케이크	ケーキ				
아이스크림	アイスクリーム				
오렌지	オレンジ				
누구	誰				
누가	誰が				
많다	多い	많아요			
바나나	バナナ				
뭐가	何が				
남동생	弟			男동생	
여동생	妹			女동생	
작다	小さい	작은 옷 / 옷이 작아요			
아들	息子				
딸	娘				
가족	家族			家族	
명	～人、(数)	여동생 다섯 명이 있어요		名	
~째	番　＞　その男性は僕の2番目の兄	그 나자가 내 둘째 형이에요			
하나 둘 셋 넷 다섯 여섯 일곱 여덟 아홉					
형제	兄弟			兄弟	
자매	姉妹			姊妹	
부모	両親			父母	
크다	大きい	큰 돼지 / 돼지가 커요			
언니	姉				
누나	姉				
오빠	兄				
형	兄			兄	
나이	年齢				
몇	何、(数)、何人	몇 명있어요?			
사다	買う				
팔다	売る	~를 팔아요			
일하다	働く	일해요			
글자	文字			글字	
공항	空港			空港	
화장실	お手洗い			化粧室	
말하다	話す				
읽다	読む	책을 읽어요			
쓰다	書く	글자를 써요			
도착	到着			到着	
공부	勉強			工夫	
오다	来る	와요			
만나다	会う	만나요			
가다	行く	가요			
공원	公園			公園	
영화	映画			映畫	
보다	見る	보아요			
은행	銀行			銀行	
식당	食堂			食堂	
도서관	図書館			圖書館	
김치	キムチ				
자다	寝る	자요			
항상	いつも			恒常	
돌아오다	帰ってくる				
돌아가다	帰っていく、帰る				
같이	一緒に				
시	～時			時	
몇 시에 ~	何時に				
지금	今			只今	
시간 	時間			時間	
동안	間				
시간 동안	時間				
바쁜	忙しい～	바쁜 사람			
바빠요	忙しい				
오전	午前			午前	
오후	午後			午後	
~반, 시반	半、～時半			半	
일어나다	起きる				
보통	普段			普通	
언제	いつ				
시장	市場			市場	
커피숍	カフェ				
매일	毎日			每日	
살	歳			歳・才	
공	ゼロ			空？	
~부터~까지	～から～まで	여기부터 저기까지			
~월~일	～月～日			～月～日	
이번	今回			이番	
다음	次				
월화수목금토일 요일	月火水木金土日　曜日	무슨 요일이에요?		月火水木金土日 曜日	
주말	週末			週末	
일이삼사오육칠팔구십	12345678910 (中)				
오늘	今日				
이번 주	今週				
다음 주	来週	다음 주 월요일			
~분	～分	십칠분		~分	
주세요	ください				
층	～階			層	
가게	店				
얼마	いくら				
사이즈	サイズ				
잦아요	合う、(サイズが)				
백	百			百	
싸다	安い				
비싸다	高い、(値段)				
마트	スーパー				
가격	値段、価格			價格	
~보다	～より				
더	もっと				
배	梨				
모두	全部で				
천	千			千	
만	万			萬	
돈	お金				
영수증	領収書			領收證	
샴푸	シャンプー				
신발	靴				
돈을 내다	お金を出す				
약속	約束			約束	
내일	明日			來日	
산책	散歩			散策	
가끔	時々				
수영	水泳			水泳	
운동	運動			運動	
배우다, 배워요	習う				
못~	出来ない　＝＞水泳があまりできない	수영을 잘 못해요 			
잘	良く、上手に				
자주	頻繁に				
얼마나	どれくらい	얼마나 자주 공원에 가요?			
거의	ほとんど	거의 일본어를 못해요			
별로	そこまで			別로	
피아노	ピアノ				
기타	ギター				
치다	(ピアノを)弾く	피아노를 쳐요			
태권도	テコンドー			跆拳道	
연습하다	練習する			練習	
음악	音楽			音樂	
조금	少し				
취미	趣味			趣味	
아주	とても	기타를 아주 잘 쳐요			
쇼핑	ショッピング				
백화점	百貨店			百貨店	
열	十				
스물	二十				
서른	三十				
마흔	四十				
쉰	五十				
예순	六十				
일흔	七十				
여든	八十				
아흔	九十				
듣다 !	聴く	음악을 들어요			
할아버지	おじいちゃん　祖父				
할머니	おばあちゃん　祖母				
외할머니	母方の祖母			外할머니	
놀다	遊ぶ	놀아요			
어린	幼い				
손자	孫息子			孫子	
손녀	孫娘			孫女	
귀엽다, 귀여워요	可愛い				
이모	叔母、おばさん			姨母	
고모	伯母			姑母	
아줌마	おばさん(知らない人)				
남편	夫			男便	
아내	妻				
강아지	子犬				
삼촌	伯父・叔父			三寸	
~만	～ばかり	음악만 들어요			
부부	夫婦			夫婦	
딸기	苺				
테니스	テニス				
~ㄹ깡요?	～ましょうか	바다에 갈까요			
바다	海				
시켜요　？시키다???	頼む				
불고기	プルゴギ				
김밥	キンパ				
비빔밥	ビビンバ				
계산서	伝票			計算書	
~인분	～人分、にんぶん			人分	
요리	料理			料理	
계산하다	払う			計算	
따로	別々				
냉면	冷麺			冷麵	
콜라	コーラ				
~병	瓶			甁	
추가	追加			追加	
메뉴	メニュー				
음료수	飲み物			飮料水	
그리고	そして				
~잔	杯			盞	
맥주	ビール			麥酒	
너무	～すぎ、とても				
그릇	器、ラーメンを数える				
와인	ワイン				
요가	ヨガ				
밤	夜				
짧은	短い～				
다리	橋				
호랑이	虎			虎狼이	
늦게	遅く				
느려요	遅い	자동차가 너무 느려요			
날씬하다	細い				
더울 더워요	暑い				
곰	熊				
뛰다 (意味注意)　<> 달리다	走る　(跳ねる)の意味が含まれている				
길어요	長い、長い木、長い映画	긴 다리, 긴 영화			
자동차	自動車			自動車	
재미있는	面白い				
아파트	アパート				
원숭이	猿				
산	山			山	
나무	木				
높은	高い、(高さ)				
높아요	高いです(高さ)				
이야기	話　(普通バージョン)				
마리	～匹				
춥다,추워요	寒い				
적다,적어요	少ない				
낮다,낮아요	低いです				
낮은	低い～				
뚱뚱한	太った				
주문하다	注文			注文	
등산	登山			登山	
ㄹ래요??	ましょうか？みたいな意味、意志				
숙제	宿題			宿題	
중학생	中学生			中學生	
학원	塾			學院	
쉽다, 쉬워요	簡単です				
일찍	早い				
초등학생	小学生			初等學生	
첫	最初の				
수업	授業			授業	
교실	教室			敎室	
방학	休み			放學	
조용히	静かに				
교수	教授			敎授	
고등학교	高校			高等學校	
다녀요	通う				
질문	質問			質問	
어려운	難しい				
선배	先輩			先輩	
~학년	～学年、～年生			學年	
졸업	卒業			卒業	
드라마	ドラマ				
정말	本当に			正말	
덜 곰이 돼지보다 덜 뚱뚱해	~보다 덜 ~				
극장	劇場			劇場	
어제	昨日				
보다 봤어요	見る、見た				
하루	一日、今日一日何をしましたか	오늘 하루 뭐 했어요?			
벌써	既に	벌써 갔어요			
아직	まだ　＞　牛乳をまだ飲んでない	아직 우유를 안 마셨어요			
잡지	雑誌			雜誌	
방금	たった今、さっき	방금 뭐 했어요?		方今	
뉴스	ニュース				
잠을 자다	寝る				
한식	韓国料理			韓食	
중식	中華料理			中食	
라면	ラーメン				
~만 だけ	コーヒーを一杯だけ	커피 한 잔만 주세요			
천천히	ゆっきり				
수영장	プール			水泳場	
요즘	最近	요즘 뭐 했어요?			
또	更に、他に、また　＋　過去	그리고 또 뭐 했어요?			
헬스장	ジム			헬스場	
많이	たくさん	밥을 많이 먹었어요			
조금만	少しだけ				
~반	～組　＞　3年2組			班	
전공	専攻			專攻	
시험	試験			試驗	
열심히	一生懸命			熱心히	
수업을 들어요	授業を受ける				
하늘	空				
인터넷	インターネット				
나라	国				
오른쪽	右				
왼쪽	左				
옆	横				
앞	前				
뒤	後ろ				
가운데	真ん中				
밖	外				
근처	近く			近處	
호텔	ホテル				
병원	病院			病院	
나가요	出ます、出ていきます				
서점	書店			書店	
약국	薬局			藥局	
길	道				
편의점	コンビニ			便宜店	
가까운, 가까워요	近くの、近い				
미용실	美容院			美容室	
노래방	カラオケ			노래房	
맞은편	向こう側			맞은便	
제일	一番			第一	
동물원	動物園			動物園	
박물관	博物館			博物館	
이쪽	こちら				
그쪽	そちら				
저쪽	あちら				
나와요	出てきます、家から早く出てきなさい	집에서 빨리 나와요			
~지 않아요 ??	～しない				
가깝지 않아요	近くありません、近くないです	노래방이 가깝지 않앙요			
멀다, 멀어요	遠い				
멀지 않아요	遠くないです				
엄청	ものすごく				
나가다, 나오다	出ていきます、出てきます				
가깝다	近い				
먼~	遠い～				
차	お茶				
신문	新聞			新聞	
소파	ソファー				
손님	お客さん				
거실	リビング			居室	
낮잠	昼寝				
침대	ベッド			寢臺	
거울	鏡				
열쇠	鍵				
창문	窓			窓門	
여보	あなた　＞　夫婦が互いを呼ぶ時にいう語				
에어컨	エアコン				
냉장고	冷蔵庫			冷藏庫	
주방	キッチン			廚房	
문	扉、ドア			門	
열다, 열어요	開ける				
닫다, 닫으세요	閉める				
세탁기	洗濯機			洗濯機	
남다, 남은~	残る、入れる				
반찬	おかず			飯饌	
비누	石鹸				
손	手				
욕실	バスルーム			浴室	
샤워하다	シャワー				
얼굴	顔				
씻다, 씻어요	洗う				
감자	ジャガイモ				
어때요?	どうですか				
튀김	揚げ物、フライ、天ぷら				
햄버거	ハンバーガー				
배	お腹				
고프다, 고파요	空く、(お腹が)空いている				
초콜릿	チョコレート				
레몬	檸檬				
설탕	砂糖				
달다, 단~	甘い				
짜다, 짠	しょっぱい				
시다, 신, 셔요	酸っぱい				
맵다, 매워요, 매운	辛い				
치즈	チーズ				
파스타	パスタ				
스테이크	ステーキ				
피자	ピザ				
과자	お菓子			菓子	
넣다	入れる				
베이컨	ベーコン	치즈와 베이컨을 같이 먹을까요?			
포크	フォーク				
숟가락	スプーン				
젓가락	箸				
준비하다	準備			準備	
죽	お粥			粥	
도시락	お弁当				
택시	タクシー				
버스	バス				
~쯤, 30분쯤	～くらい、30分くらい				
시쯤	時頃	몇 시쯤 도착해요?		時쯤	
타다	乗る				
걸리다, 걸려요	かかる				
어떻게	どうやって				
걷다	歩く				
걸어가다	歩いて行く				
기차	汽車			汽車	
기차역	汽車駅			汽車驛	
역	駅			驛	
터미널	ターミナル				
부산	釜山(都市の名前)、Busan			釜山	
시외	市外			市外	
내리다	降りる				
~번	～番(バスの番号)	몇 번 버스를 타요?		番	
호선	路線、号線、何号線が空港に行きますか	몇 호선이 공항으로 가요?		號線	
출구	出口			出口	
어느	どの、どちら	어느 호선을 타고 공원에 가요?			
오르다, 올라요	登る、(역에서)乗る　(버스를)타다	어느 역에서 올라요?			
지하철	地下鉄			地下鐵	
도시	都市			都市	
고향	故郷			故鄕	
이곳	ここ、この場所				
편리하다	便利な			便利	
불편하다	不便な			不便	
시골	田舎				
교통	交通			交通	
선물	プレゼント			膳物	
결혼	結婚			結婚	
어떤~	どんな～				
생일	お誕生日			生日	
~게서, ~에게서, ~에게	～から(ex:～から何かをもらう)				
받다	もらう、受ける	누구에게서 선물을 받았어요? / 선생님에게서 수업이 받아요 			
주다, 줘요	あげる				
술	お酒				
담배	たばこ				
~나, ~이나	～や				
몸	体				
영양제	栄養剤			營養劑	
건강(하다)	健康的			健康	
추천하다	薦める			推薦	
꽃	花				
장난감	おもちゃ				
예쁘다 예쁜 예뻐요	綺麗、(見た目、美しい)				
참	정말				
화장품	化粧品			化粧品	
향수	香水			香水	
카드	カード				
현금	現金			現金	
결제하다	支払う			決濟	
아니면	それとも				
페이페이	PayPay				
면세점	免税店			免稅店	
롯데면세점 ロッテ	ロッテ免税店				
카메라	カメラ				
사진	写真	사진을 찍다		寫眞	
찍다	撮る　＝＞　写真を撮る	사진을 찍다			
~대	～台	카메라 한 대		臺	
~한 것을 좋아하다	～する事が好き				
그림	絵	그림을 그리다			
그리다	描く	그림을 그리다			
자전거	自転車			自轉車	
농구	バスケットボール			籠球	
축구	サッカー			蹴球	
춤	踊り	춤을 추다			
추다	踊りを踊る	춤을 추다			
조깅	ジョギング				
주로	主に			主로	
게임	ゲーム				
쉬다	休む				
(주말을) 보내다	(週末を)過ごす	주말을 보내다			
혼자	一人				
반려동물	ペット			伴侶動物	
전혀	全然、全く			全혀	
키우다	育てる				
지난주	先週			지난週	
~달	～月(げつ)				
지난 달, 다음 달	先月、来月				
사작하다	始める			始作하다	
작년	去年			昨年	
일	仕事				
사업가	実業家			事業家	
강사	講師			講師	
직업	職業			職業	
직장	職場			職場	
공무원	公務員			公務員	
가르치다	教える				
가수	歌手			歌手	
노래	歌				
선수	選手			選手	
배우	俳優			俳優	
멋있어요	かっこいい				
작가	作家			作家	
유명하다	有名			有名하다	
의사	医者			醫師	
경찰	警察			警察	
요리사	シェフ			料理師	
간호사	看護師			看護師	
힘들	しんどい、大変				
아르바이트	アルバイト				
기사	運転手			技士	
찾다	探す				
인턴	インターン				
취직하다	就職			就職	
엔지니어	エンジニア				
프로그래머	プログラマー				
새 ~	新しい	우리 회사에 새 헬스장이 있어요			
교회	教会			敎會	
그냥	ただ、ただの　例　ただやることがない	그냥 할 일이 없어요			
떠나다	発つ、to leave				
아무	何も、何の				
아무 곳으로	どこにでも				
아무도	誰も				
여행	旅行			旅行	
곧	もうすぐ				
올해	今年				
연휴	連休			連休	
계획, ~ㄹ 계획이에요	計画、～予定です			計劃/計畫	
예정	予定			豫定	
여러분					
앞으로	これから、前に	앞으로 무슨 계획있어요?			
계속	ずっと			繼續	
내년	来年			來年	
몇 월 며칠	(何月)何日　몇일				
년	～年			年	
입	口				
눈	目				
키	身長、(例)背が高い	키가 커요			
머리	髪、(例)長い髪が本当に綺麗	긴 머리가 참 예뻐요			
체격	体格	체격이 작아요		體格	
완전	めっちゃ、完全に			完全	
잘생기다 [잘 생기다]	ハンサム、かっこいい				
똑똑하다	賢い				
친절하다	親切な			親切하다	
매너, 매너 없다	マナー	매너 없는 사람			
나쁘다, 나빠요	悪い				
다른	違う～、他の～	다른 성격			
다르다, 달라요	違う、(例)　犬と猫は性格が完全に違う	개와 고양이는 성격이 완전 달라요			
성격	性格	다른 성격		性格	
착하다	優しい				
이상한	おかしな			異常하다	
서로	お互い				
중요하다	重要			重要	
알다, 알아요	分かる				
사이	仲、知らない仲	모르는 사이			
친구 사이	友達の仲 좋은~  いい友達の仲			親舊	
분	方（かた）				
그분	その方は				
여자분	女性の方			女子분	
모르다, 몰라요	知らない				
아는 사람 (알다)	知り合い、知ってる人				
깨끗하다	綺麗, (ゴミがない意味)				
조용하다	静かな				
경치	景色			景致	
아름답다	美しい				
넓다	広い				
~지만	〜が、〜けど、				
거리	通り				
~한데	～に。白いシャツを私にください	흰 셔츠를 저한데 주세요			언니의 옷이 저한데 너무 커요
입다, 입어요	着る				
색	色	무슨 색을 제일 좋아해요?		色	
희다, 흰~, 흰색	白い				
검다, 검은~, 검은색, 검어요	黒い	검은색과 흰색			
빨간색, 빨개요	赤い				
파랗다, 파란~	青い				
노란색	黄色い				
분홍색	ピンク			粉紅色	
녹색	緑色			綠色	
주황색	オレンジ色			朱黃色	
치마	スカート				
바지	ズボン				
청바지	ジーンズ				
셔츠	シャツ				
티셔츠	Tシャツ				
블라우스	ブラウス				
디자인	デザイン				
양말	靴下			洋襪/洋韈	
구두	靴＝＞ヒールや革靴　(仕事などで使う)				
신다, 신어요	履く				
벗다, 벗어요	脱ぐ、(靴を)脱ぐ	집에서는 신발을 벗어요			
운동화	運動靴			運動靴	
~켤레	～足　(そく)、運動靴が二足	운동화 두 켤레			
편하다	楽な。楽な服は綺麗な服よりもっと良い	편한 옷이 예쁜 옷보다 더 좋아요		便하다	
기모노	着物				
한복	韓服			韓服	
양복	スーツ			洋服	
화려하다	派手な、華麗な			華麗하다	
~벌	～着	양복 한 벌은 비싸요?			
어울리다, 어울려요	似合う				
하지만	しかし、～ですが				
예약하다	予約			豫約하다	
다양하다, 다양한~	様々な、多様な			多樣하다	
~ㅂ시다	～しましょう、propositive present formal high	같이 갑시다			
식사하다	食事する			食事하다	
맛집	美味しい店				
특히	特に			特히	
~는요?	～は？私は～。あなたは？	저는 V. 요. 마리아는요?			
좀	少し、ちょっと、(例)　もう少し	김치 좀 더 주세요			
채식	採食			菜食	
채식주의자	ベジタリアン			菜食主義者	
~말고	～ではなく　～ないで　～の他に　コーラではなく水がありませんか	콜라 말고 물 없어요?			
실례지만	すみませんが、失礼ですが			失禮지만	
목마르다, 목말라요	喉が渇く				
목	喉				
마르다	乾く				
닭	鶏				
간장	醤油			간醬	
고추장	コチュジャン			고추醬	
부대찌개	プデチゲ			部隊찌개	
닭갈비	タッカルビ				
V+아/어 있다	～ている　＝＞　入ってる、残ってる、座ってる	들어가 있다 남아 있다			
들어가다	入る、入っている	여기 뭐가 들어가 있어요?			
갈비	カルビ				
앉다	座る				
왜	なぜ				
서다	立つ	왜 문 밖에 서 있어요?			
훠궈	火鍋				
서비스	サービス				
주인	オーナー、飼い主			主人	
비슷하다, 비슷한~	似ている				
해	太陽				
비 비가 와요	雨				
눈	雪				
낮	昼間				
날씨	天気				
~네요	〜ですね				
기분	気分			氣分	
떠요?떴어요? 뜨다?	(日が)昇る				
봄	春				
여름	夏				
가을	秋				
겨울	冬				
벚꽃	桜				
사계절	四季			四季節	
피다, 피어요	咲きます				
계절	季節			季節	
따뜻하다	暖かい				
~번째	〜番目			番째	
시원하다	涼しい、冷たい				
바닷가	海辺				
단풍	紅葉			丹楓	
꼭	必ず				
썰매	ソリ				
만들다	作る				
스키	スキー				
쌀쌀하다	肌寒い				
눈사람	雪だるま				
사무실	事務室			事務室	
쭉	ずっと				
계단	階段			階段	
엘리베이터	エレベーター				
그러면	そしたら、そうしたら、それじゃあ				
똑바로	真っ直ぐ、ちゃんと				
주차장	駐車場			駐車場	
지하	地下			地下	
미술관	美術館			美術館	
갈아타요	乗り換える				
먼저	まず、先に				
~미터	～メートル				
건너다	渡る、(道を)渡る	길을 건너다			
시청	市役所			市廳	
지나다	過ぎる、(通り過ぎるの意味)				
동쪽	東			東쪽	
서쪽	西			西쪽	
북쪽	北			北쪽	
남쪽	南			南쪽	
동서남복	東西南北　とうざいなんぼく				
경찰서	警察署			警察署	
언어	言語			言語	
문화	文化			文化	
유창하다	流暢な			流暢하다	
무역	貿易			貿易	
초보자	初心者			初步者	
사귀?????????	付き合う、(友達を)作る、(恋人と)付き合う				
관심(이 없다)	関心、興味(がない)			關心	
초급(반)	初級(クラス)			初級班	
중급	中級			中級	
고급	上級			高級	
수준	レベル			水準	
실력	実力			實力	
어학당	語学堂			語學堂	
독학	独学			獨學	
대화	会話			對話	
발음	発音			發音	
문법	文法			文法	
알아들어요	聞き取れる				
원어민	ネイティブ			原語民	
단어	単語			單語	
외우다, 외워요	覚える、暗記する				
스페인	スペイン				
프랑스	フランス				
뜻, 뜻을 잘 몰라요	意味よくわからない				
표현	表現			表現	
유용하다, 유용한~	役に立つ			有用하다	
사용하다	使用する			使用하다	
사전	辞典			辭典	
전화	電話			電話	
번호	番号			番號	
받아요	（電話に）出る				
바꾸다, 바꿨어요	変える 電話代わる				
ㅆ습니까					
~죠.	〜よね。				
(번호로) 걸다, 걸어요	電話番号にかける				
(N) + 죠.	(N)ですよね。				
바쁘죠	忙しいですよね				
여보세요	もしもし				
호텔이죠					
?= 이지요 ??					
잘못했습니다	間違えました				
잘못	間違えて？				
아닙니다	いいえ				
만두	餃子			饅頭	
덜 매운 ~	辛さ控えめの				
떡볶이	トッポギ				
배달	配達、出前(料理)			配達	
주소	住所			住所	
~집	～料理店、～屋				
중국집	中華料理店			中國	
분식집	軽食屋			粉食	
치킨집	チキン屋				
죄송합니다	申し訳ありません			罪悚하다	
(~한테) 보내다	(～に)送る				
다시	また、もう一度	우리 다시 만났어요			
볶음밥	チャーハン				
탕수육	タンスユク			糖▽水肉	
짜장면	ジャージャー麺			zhajiangmian[炸醬麵]	
짬뽕	チャンポン				
매년	毎年			每年	
매달	毎月			每달	
매주	毎週			每週	
V+아/어 보다	V+てみる				
국내	国内			國內	
~번 (이번の번)	～回	매일 물을 열 번 마셔요		番	
해외	海外			海外	
다녀왔어요 다니다+오다	行ってきた				
시내	市内			市內	
이렇게	こんなに、このように				
날	日	오늘은 날씨가 좋은 날이에요			
그날	その日				
구경	見物				
머무르다, 머물렀어요	滞在				
처음	初めて、最初				
남산　南山	南山 (場所)			南山	
한강　漢江	漢江 (場所)			漢江	
이태원　梨泰院	梨泰院 (場所)				
경복궁　景福宮	景福宮 (場所)				
한옥마을　韓屋村	韓屋村 (場所)				
동대문　東大門	東大門 (場所)				
명동	明洞 (場所)				
제주도　済州島	済州島 (場所)				
비행기	飛行機			飛行機	
배	船				
섬	島				
자연	自然			自然	
폭포	滝			瀑布	
나중(에)	今度、後で				
어땠어요	どうでした				
아이돌	アイドル				
팬	ファン				
사인	サイン				
출연하다	出演する			出演하다	
인기	人気			人氣	
케이팝	Kpop				
그렇게 합시다	そうしましょう				
그렇게	そんなに			@@@@	
청춘	青春				
즐기다	楽しむ				
인생	人生				
응답	応答				
주인공	主人公				
젊다	若い				
대박, 대박이다	すごい				
날씨 짱이에요	天気が最高				
앨범	アルバム(音楽)				
진짜	本当に				
남녀	男女				
가사	歌詞				
몸짱	モムチャン				
얼짱	オルチャン				
여배우	女優				
유럽	ヨーロッパ				
부르다, 불렀어요	歌う				
무대	舞台				
아시아	アジア				
동아시아, 남아시아, 동남아시아	東アジア、南アジア、東南アジア				
콘서트	コンサート				
열다, 여는~	開催する、開ける				
댁	お宅				
~세요, 가세요	敬語、行かれます				
~께서	尊敬(= 이/가)				
~께서는	尊敬(= 은/는)				
큰아버지	伯父さん				
계십니다, 계세요	いらっしゃいます				
성함	尊敬、お名前				
(음식) 된장	(음식) テンジャン				
나이가 어떻게 되세요?	おいくつですか				
시장하시죠	お腹空かれましたよね				
연세가 있으세요	ご高齢でいらっしゃいます				
진지	お食事				
편찮은~, 편찮으시다	具合が悪い				
드시다, 드세요	召し上がる				
뵈어요	お会いしましょう				
주무세요	お休みになりますか				
돌아가셨어요	亡くなられました				
갑자기	突然				
용돈	お小遣い				
말씀하세요	おっしゃってください				
축하해요	おめでとう				
생신	お誕生日				
너무 축하드려요	本当におめでとうございます				
식사하십시요	食事をなさってください				
~을/를 드리세요	〜を差し上げてください				
기다리다	待つ				
설거지	皿洗い				
~해줄래요?	〜してくれますか？				
청소하다	掃除する				
목욕하다	お風呂に入る				
발표하다	発表する				
V고 있다	Vています				
~하고 계세요 (= 고 있다)	〜されています				
택시	タクシー				
날마다	毎日				
~마다? 일요일마다	毎週の日曜日				
피곤하다	疲れる				
생각	考え				
잘 지냈어요?	元気にしていましたか				
다	全部				
잠깐만 = 조금만?	少しだけ				
필요하다	必要				
다들	皆さん、皆				
지내다?	過ごす				
~하는 중이에요 입다	〜している最中				
운전	運転				
면허	免許				
통화	通話				
회의	会議				
~ 없이 ~	〜なしで〜				
돈 없이 어떻게 ~	お金なしでどうやって〜				
가지다? 가지고 있어	持つ 持ってる				
~들고 있어요	持っている （手に）				
우산	傘				
안경	眼鏡				
모자	帽子				
마스크	マスク				
(안겨을) (모자를) (마스크를)쓰다	(眼鏡を)かける | (帽子を)かぶる | (マスクを)つける				
바로	まさに(本当に、確かな事実)、すぐ				
커플	カップル				
산~, 작년에 산 휴대폰	買った〜、去年買った携帯				
연애	恋愛				
소개팅	合コン				
소개하다	紹介する				
남친	彼氏				
여친	彼女				
온~, 어제 온 친구	来た〜、昨日来た友達				
찍은 사진	撮った写真				
웃는 ~, 웃는 여자	笑う〜、笑う女性				
모습	姿				
방법	方法				
반하다	惚れる				
첫눈에 반한 사람	一目惚れした人				
신청하다	リクエスト、誘い				
데이트	デート				
고백	告白				
첫눈！	一目 | 初雪				
썸~, 썸남, 썸녀	脈ありの男性・女性				
썸 타는 사람	脈ありの人				
미남, 미녀, 미인	美男、美女、美人				
애교	愛嬌				
동네	町、町内				
외모	外見				
스타일	スタイル				
훈남 스타일	ヌクメンスタイル				
미, 자연의 미	美、自然の美				
단순한~	単純な				
~ 같은 ~	～のような～	영화 같은 사랑　映画のような愛			
자상한~	思いやりがある				
이상형	理想のタイプ				
태평양	太平洋				
연하	年下	두 살 연하　二歳年下			
어깨	肩				
연상연하	年上年下				
꽃미남	イケメン				
슬프다, 슬픈~	悲しい				
기쁘다	嬉しい				
외로운	寂しい				
기분 전환	気分転換				
(휴대폰)쓰다	(携帯を)使う				
~때	～時、～の時				
싫은 일	嫌いなこと				
화난	腹が立っている				
화가 나요	腹が立つ				
앚직도 나한테 화났어요?	まだ私に腹が立っていますか				
이유	理由				
거짓말	嘘				
도대체	一体				
신나는	ウキウキする				
자꾸	しょっちゅう				
남	他人				
부러운~	羨ましそうな				
즐거운~	楽しい				
즐거워하는~	喜んでる				
무서워하는~	怖がる				
놀이공원	遊園地				
울다, 우는~	泣く、鳴く				
생활	生活				
물놀	水遊び				
헤어지다	別れる				
마음껏	思う存分				
스트레스	ストレス				
병	病気				
병에 걸리다	病気にかかる				
먹지 마세요	食べないで下さい				
머리(가 큰 사람)　(髪じゃなく、頭)	頭が大きな人				
아프다	痛い　頭が痛い理由がとても多い	머리가 아픈 이유가 아주 많아요			
감기(에 걸리다)	風邪(をひく)				
걱정하다	心配する				
~지 마세요 ~지 말아요	？～しないで下さい				
약	薬				
처방전	処方箋				
기침(하다)	咳(する)				
~후에	(Vた | ～の)後に、				
배탈 이에요　　배탈이 나다	お腹を壊した				
열(이 나다)	熱(が出る)				
불편하다　(その2)　＝　?편찮	具合が悪い				
다치다	怪我する				
넘어지다	転ぶ				
취직	就職				
다행 이에요	幸い・良かったです				
무릎	膝				
허리	腰				
팔	腕				
발	足				
다리	脚				
기운(이 없어)	元気(がない)				
푹	ゆっくり・家でゆっくり休んで	집에서 푹 쉬세요			
소화제	消火剤				
이제는	もう・今は				
졸리다	眠い、眠たい				
팀	チーム				
일 보세요	仕事してください　(見て～)				
업무시간	業務時間				
보다, 보는~　	行う、行う業務が様々	보는 업무가 다양해			
출근하다	出勤				
퇴근하다	退勤				
야근	夜勤				
팀장	チーム長				
이메일 주소	メールアドレス				
출장	出張				
지금 바로	今すぐ				
끝나다	終わる				
문안	下書き				
보고서	報告書				
작성	作成				
승진	昇進				
과장	課長				
월급	月給				
기업	企業				
후배	後輩				
동료	同僚				
2차	2次会　パーティーのあれ				
상사	上司				
삼겹살	サムギョプサル				
회식	会食				
소주	焼酎　しょうちゅう				
호프집	ビアガーデン　Biergarten				
날짜	日にち				
참석하다	出席				
모이다	集まる				
정하다	決める				
~야 해요、~해야 해요 	～しなければならない				
~을 사야 해요	買わなければならない				
모임	集まり				
장소	場所				
풍선	風船				
동창회	同窓会				
물어보다	聞いてみる				
도와주다	手伝う				
저기요	すみません、～				
연락	連絡				
초대하다	招待する				
초대장	招待状				
아기	赤ちゃん				
잔치	宴会				
(아지의) 돌잔치	(赤ちゃんの)一歳の誕生日パーティー				
환갑	還暦				
가져오다	持ってくる				
직접	自ら				
수건	タオル				
찻잔	ティーカップ				
집들이	引っ越し祝い				
세트	セット				
휴지	トイレットペーパー、ティッシュ				
세제	洗剤				
이사하다	引っ越しする				
돕다	手伝う				
새	鳥				
물고기	魚				
날다, 나는~	飛ぶ、空を飛ぶ鳥	하늘을 나는 새			
오리	アヒル				
잡다, 잡는~	捕まえる				
태어나다	生まれる				
새끼 ~	子～				
새끼 돼지	子豚				
말	馬				
숲	森				
양	羊				
늑대	狼				
~속?	～中				
물속	水の中(水中)、水の中で暮らす女性	물속에 사는 여자			
숲속	森の中				
동물	動物				
토끼	兎				
뱀	蛇				
거북이	亀				
달리다　(意味注意)　<> 뛰다	走る　(高速で移動する)				
활동하다	活動する				
부엉이	フクロウ　梟？				
쫓다	追いかける				
농장	農場				
사자	ライオン				
상자	箱				
숨다	隠れる				
판다	パンダ				
털이	毛				
여권	パスポート			旅券	
(돈을) 찾다	(お金を)おろす　(探す)				
신분증	身分証				
통장	通帳				
신청서	申込書				
세탁서	クリーニング屋				
ATM기	ATM				
ATM기기??					
우체국	郵便局				
편지	手紙				
연에편지	ラブレター				
택베	宅配便				
소포	小包				
부치다	(お金、手紙を)送る				
심부름	お使い(子供に買い物をやらせる時)				
말 시키지 마세요	話しかけないで				
시키다	～させる (使役)				
이 회사는 일만 많이 시키고 월급이 적어요	この会社は仕事だけ多くさせて月給は少ないです				
~한테 ~을/를 시켰어요	～に～させた				
종이	紙				
~장, 종이 한 장	～枚、紙一枚				
미리	前もって				
KTX기차표	KTXの切符				
온라인	オンライン				
표	チケット				
예매하다	予約、予約購入			豫買	
여행사	旅行会社				
지갑	財布				
신용카드	クレジットカード			信用card	
물건	物、品物				
잃어버리다	なくす、失う、忘れる				
신고하다	届け出る？？				
센터	センター				
유실물	落とし物				
양파	玉ねぎ				
당근	人参				
바구니	籠				
장(을) 보다	買い物				
장바구니	買い物袋				
담다	盛る、入れる				
재료	材料				
칫솔	歯ブラシ				
린스	リンス　(アプレーシャンプー)				
치약	歯磨き粉				
할인	割引				
~으니까 ~	～ので、～				
쌀	お米				
무겁다	重い				
망고	マンゴー				
포도	葡萄				
토마토	トマト				
어머, ~	あら、～				
박스	ボックス　(箱)				
오징어	イカ				
싱싱하다	生き生きしてる、新鮮				
빵집	パン屋				
크루아상	クロワッサン				
샌드위치	サンドイッチ				
유통기한	賞味期限				
봉투	袋				
도넛	ドーナツ				
포장하다	包む				
일 보다	用事を済ませる、仕事をする？				
강	川				
호수	湖				
마을	村				
자라다	育つ				
공기	空気				
깊다	深い				
맑다	澄む、清い				
귤	蜜柑				
그리운	恋しい				
오래	長く	서울에 오래 살았어요?			
축제	祭り				
(고향에) 내려와요	(故郷に)帰ってくる				
특산물	特産品				
그래서	なので～、だから～				
건물	建物				
~시	～市	서울			
새로	新しく				
새기다	できる				
베이징	北京				
뉴욕	ニューヨーク				
대도시	大都市				
패션	ファッション				
사원	寺院				
런던	ロンドン				
수도	首都				
파리	パリ				
태국	タイ				
세계	世界				
떠나다	去る、発つ、旅立つ				
바닥	床				
더럽다	汚い				
집안일	家事				
쓸다	掃く				
대청소	大掃除				
~(번)씩	～(回)ずつ				
걸레	雑巾				
서류	書類				
지저분하다	散らかっている				
닦다	拭く				
길거리	道				
먼지	埃				
정리하다	整理する				
빨래	洗濯、洗濯物、洗い物				
부탁하다	お願いする、頼む				
치우다	片付ける				
깨끗이	きれいに				
(세탁기를)돌리다	(洗濯機を)回す				
그러니까	～．だから～				
청소기	掃除機				
(청소기를)돌리다？？	(掃除機を)かける？？？				
제때에 [あの時、その時]	時間通りに、期限内に				
버리다	捨てる				
널다	干す				
놓다	置く				
끝내다	終える、終わらせる				
쓰레기	ゴミ				
통	箱				
쓰레기통	ゴミ箱				
여행지	旅行先				
꽤	かなり	시간이 꽤 걸려요			
휴가	休暇				
그럼	それでは、じゃあ				
조금밖(에)	少ししか	돈이 조금밖에 없어			
타이완	台湾				
~밖에	～しか				
휴양지	休養地　リゾート地				
비자	ビザ				
(비자나 여권)발급	(ビザやパスポート)発給				
일단	とりあえず				
온천	温泉				
그런데	ところで | しかし				
일장	日程				
1박2일	一泊2日				
계획 세웠어	（計画を）立てる				
인천 공항	インチョン空港 仁川				
출발	出発				
숙소	宿				
관광	観光				
배낭	バックパック				
짐	荷物				
환전	両替 （転換?）				
달러	ドル				
(가방을) 멘 (사람)	（鞄を）背負った（人）				
(짐을, 도시락을)싸다	荷物をまとめる ・お弁当を包む				
챙기다	準備する　( V다 )				
연필	鉛筆				
필통	筆箱				
교복	制服				
개학	新学期が始まる？			開學	
유치원	幼稚園				
학기	学期				
입학하다	入学する				
전수	点数				
과목	科目				
국어	国語				
성적	成績				
가장	一番				
수학	数学				
모든	全ての				
과외	課外				
담임	担任				
점	点				
합격	合格				
칠판	黒板				
시험 보다	試験を受ける				
시험을 잘 안 못 보다	試験がうまくいかなかった				
반, 우리 반	クラス、うちのクラス				
볼펜	ボールペン				
교과서	教科書				
지우개	消しゴム				
~권	~冊				
빌리다	借りる				
(돈을)돌리다	(お金を)返す				
공책	ノート				
휴대폰 다 쓰고 ~	携帯を使い終わったら				
친하다	親しい				
~말， 한국말	〜語 「어」ではなく				
말 놓으세요 (말씀)も	タメ口にして 友達言葉	놓다 = 敬語を使わず、ため口を利く			
너 넌	君 君は				
이제	もう	우리 이제 서로 말을 놓을까요? もうお互いにタメ口にしましょうか			
나	私				
아, 그래?	ああ、そう？				
걔	その子				
얘	この子				
[名前]야	[名前]야				
이따	後で	이따 뭐 해?			
~자	〜しよう ［〜ましょう］のタメ口	이따 같이 밥 먹자			
얘들(아)	みんな				
응	うん				
난	私は				
아니	いや（いいえ）				
콜	おっけー				
경기	試合				
오랜만	久しぶり				
낚시	釣り				
공연	公演				
걔네	その子の	걔네 집 その子の家			
~네 ~	［主語］の〜				
[形容詞] || [없다]지다	～になる	文法、405頁 			
추워진~	寒くなった〜				
더워져요	暑くなります				
없어지다	なくなる				
되다	なる				
되었어	〜になった				
어젯밤	昨夜				
점점	段々				
되게	すごく				
구름	雲				
바람	風				
끼다?? 낀 | 하늘에 낀 구름	空にかかった雲				
소리	音				
큰 눈이 내리다	大雪が降る				
불다 | 부는~	(風が)吹く				
~때문(에)	～のせいで				
건조하다	乾燥				
강하다	強い			強하다	
햇빛	日差し				
태풍	台風				
외출	外出				
비비람	雨風				
없을 거예요	なくなるでしょう				
~을 거예요	～でしょう				
아마	多分				
흐려요 흐린～	曇り　曇った				
무덥다 무더운～	暑苦しい～				
무지개	虹				
어떡해요?	どうしましょうか				
그치다	やむ				
드디어	やっと				
소나기	にわか雨　俄雨				
드럼	ドラム				
악기	楽器				
스포츠	スポーツ				
연주	演奏				
V + 기(가/를/)	～すること ～するの[が/を...]				
드럼 치기	ドラムを叩くこと？				
새롭다 새로운～	新しい				
새로운 영화를 찾아서 보기도 해요	新しい映画を探して観たりもします				
V+기도 하다	V＋したりもする				
생기다	できる	その俳優に関心が生まれて彼女が出演したドラマと映画を全て観ました			
탁구	卓球				
배구	バレーボール				
서핑	サーフィン				
특기	特技				
골프	ゴルフ				
야구	野球				
종일	一日中				
V+ 기 시작하다	〜し始める				
~수 있어요 없어	〜することができる できない				
충분하다	十分 じゅうぶん				
휴식	休憩				
휴일	休日				
여가	余暇 よか				
짬짬이	暇があるたびに				
시간을 내다	時間を作る				
활동	活動				
자원봉사	ボランティア			自願奉仕	
봉사	ボランティア			奉仕	
만화책	漫画本				
독서	読書				
눕다 누워	横になる				
약간	若干	休日にしていること　読書、お昼寝をすること、ドラマや映画を観ること、漫画を読むこと			
집돌이	インドア男子				
집순이	インドア女子				
웹툰	ウェブ漫画	お互いに挨拶をしてください！この方がキム課長です。そしてこちらは私の友達のジョンです。			
같다 같아요	同じ	インドア男子とインドア女子たちは家で一人で時間を過ごすことが好きな人々です			
저번	この前の			저번일 この前のこと	
기억하다	覚える 記憶				
인사하다	挨拶する				
유창하게	流暢に			유창하게 해요 流暢に話す	
상하이	上海				
지인	知人				
하다 => 하게	깨끗하게			きれいに	
반갑다	嬉しい			만나서 반가와요	
바갑게	嬉しそうに				
똑같은	同じ				
특별시	特別市				
특별하다	特別な				
늘	いつも				
알바	アルバイト				
정신없이	目まぐるしく	目まぐるしく　物事の変化などが激しく、目が回るようであるさま。 変化に合わせてしっかり対応することが容易でない様子。		정신精神	
~V+면서	～しながら				
알차다 알찬~	充実した				
성실하다	誠実な				
사업	事業				
잘돼요 잘되는~	うまくいく				
얘기 = 이야기	話 (省略バージョン)				
동생   지수가 저보다 어리니까 동생이에요	弟分　妹分	妹分（親族の妹でないのに）妹の分限で扱われる者			
방금 전	ちょっと前				
한가한	暇な				
낳다 낳은~	産んだ			아들 둘을 낳은 여자	
민영	ミニョン ［名前］				
캐나다	カナダ				
떠나다 떠난~	発った				
〜전에 <> 〜후에 ??					
국제회의					
하다 => 되다 	される				
행사	行事				
일정	スケジュール				
취소	キャンセル				
참가	参加				
V+기로 하다	V＋ことにする				
첫날	初日				
밀리다	溜まる、滞る	밀린 숙제 滞った宿題			
친척	親戚				
교외	郊外				
함께	一緒に				
실컷	思う存分				
캠핑	キャンプ				
방문	訪問				
선약	先約				
그때	その時				
나다	空く				
결정	決める、決定			決定	
V+려고 하다	〜しようと思う				
글쎄요	さあ				
~면	もし～すれば / ～したら				
급하다	急ぎだ　急ぐ				
달려가다	駆けつける				
지키다	守る	약속을 지키다			
잊다	忘れる				
알리다	知らせる				
금방	すぐ				
원피스	ワンピース				
원피스 한 벌	一枚のワンピース				
코트	コート				
마음	気持ち				
긴 코트	ロングコート				
고객님	お客様				
~는데	〜が				
점퍼	ジャンパー				
마음에 들어요	気に入りました				
얇은	薄い				
세련된	おしゃれな				
고르다 골라요 고른~	選ぶ 選んだ～				
것 같아요	気がする				
유행하다	流行り 流行				
두껍다	厚い				
값	値段				
세일	セール				
태블릿	タブレット				
퍼센트 / 프로	パーセント				
구입하다	購入する				
저렴하다	安い [하다]バージョン			低廉	
기간	期間				
오래되다	古い				
~을 가지고 싶어	〜が欲しい				
반값	半額				
줄	列				
가벼운	軽い				
카운터	カウンター				
제발	どうか				
노트북	ノートパソコン				
깎다	値引きする				
줄을 서 있어	列に並んでいる				
덜	より少なく				
달	月				
별	星				
빛나다	輝く				
보이다	見える				
지다	沈む				
밝다 밝은	明るい				
어둡다	暗い				
벌레	虫				
개미	蟻				
풀	草				
땅	地面				
밑	下			나무 밑에 木の下	
죽다 죽어요	死ぬ				
흐르다 흐르는 흘려	流れる				
강물	川の水				
농부	農夫				
부지런하다	勤勉な				
우는	鳴く				
새벽	明け方				
들리다 들려	聞こえる				
목소리	声				
나비	蝶々				
초록색	緑				
잎	葉				
변하다	変わる 変わった				
잔디밭	芝生				
나다	生える				
새 잎	若葉 わかば				
떨어지다	落ちる				
촬영	撮影				
자리	場所				
그만하다	やめる				
담배를 피우다	(タバコを)吸う	キムチーム長は予定されている会議の時間を守らないでいつも遅れて来ます			
주차	駐車				
그만	もう				
그만 찍으세요	もう取らないで				
~면 되다	～すればいい、～したらいい				
~면 안 되다	～してはいけません				
~도 되다	～してもいいですか？				
작품	作品				
입장	入場				
만지다	触る				
떠들다	騒ぐ				
공연장	会場				
조심하세요	気をつけてください				
이웃	お隣				
밤새	一晩中				
이전	前に　以前				
이후	以降	한 시 이후 一時以降			
데리다	連れて				
불편을 주는	迷惑をかける				
흡연실	喫煙室	他に気を付けなくてはいけないことはゴミをここに置いてもいけません			
휴게실	休憩室				
고장	故障				
고장이 나다	故障する				
안내	案内				
이용	利用				
휴관	休館				
에스컬레이터	エスカレーター				