汉字	繁体	拼音	拼音例子	例子 āáǎà īíǐì ūúǔù ēéěè ōóǒò ǖǘǚǜ	意思	
一		yi1	1	1		
二		er4	2	2		
三		san1	3	3		
四		si4	4	4		
五		wu3	5	5		
六		liu4	6	6		
七		qi1	7	7		
八		ba1	8	8		
九		jiu3	9	9		
十		shi2	10	10		
百		bai3	100	100		
零		ling2	0	0		
元		yuan2	yuán	元	げん　(お金)	
鸟	鳥	niao3	niǎo	yì zhī niǎo	とり(動物) | とり一羽	
我		wo3	wǒ shì fǎguórén	我是法国人	私	
喝		he1	wǒ hē shuǐ	我喝水	飲む	
吗	嗎	ma	nǐ shì zhōngguórén ma	你是中国人吗	～か？(質問)	
咖		ka1	kāfēi	咖啡	コーヒー	
啡		fei1	kāfēi	咖啡	コーヒー	
再		zai4	zài shuō yícì	再说一次	もう一度、さらに	
见	見	jian4	zàijiàn	再见	さようなら	
你		ni3	níhǎo	你好	こんにちは	
水		shui3	wǒ hē shuǐ	我喝水	みず	
好		hao3	níhǎo	你好	こんにちは	
狗		gou3	gǒu	我有一个狗	いぬ	
和		he2，huo	wǒ hé nǐ | nuǎnhuo	我和你 | 暖和	～と～	
猫	貓	mao1	māo	它是我的猫	ねこ	
茶		cha2	wǒ yào hē chá	我要喝茶	おちゃ	
王		wang2	wáng	王老师 | 我不可能是你的王子	おうさまの(おう)	
他		ta1	il	他是谁	かれ	
她		ta1	elle	她是我的女朋友	かのじょ	
李		li3	lǐ	李医生	リ(苗字)	
名		ming2	nǐ jiào shénme míngzi	你叫什么名字	なまえ	
叫		jiao4	nǐ jiào shénme míngzi	你叫什么名字	～と申します	
华	華	hua2	lǐhuá	李华	(なまえ)	
字		zi4	hànzi	汉字	かんじ	
张	張	zhang1	zhāng	张老师	(苗字)	
明		ming2	míngbái | míngtiān | míngnián	你明白吗 | 明天 | 明年	分かる | 明日 | 来年	
呢		ne	wǒ shì..., nǐ ne ?	我是学生，你呢	私は学生です。あなたは？	
姓		xing4	wǒ xìng みょうじ jiào なまえ 	我姓... 我叫...	[苗字]と申します	
什		shen2	shénme	什么	何	
么	麽	me	shénme	什么	何	
也		ye3	wǒ yě shì fǎguórén	我也是法国人	～も	
忙		mang2	wǒ hěn máng	我很忙	いそがしい	
高		gao1	wǒ hěn gāoxìng	我很高兴	嬉しい	
兴	興	xing4	wǒ hěn gāoxìng	我很高兴	嬉しい	
很		hen3	wǒ hěn gāoxìng	我很高兴	とても	
认	認	ren4	rènshi nǐ wǒ hěn gāoxìng	认识你我很高兴	知る、出会う	
识	識	shi2	rènshi nǐ wǒ hěn gāoxìng	认识你我很高兴	知る、出会う	
不		bu4	wǒ bù zhīdào	我不知道	ない、じゃない、否定	
饭	飯	fan4	chǐfàn | mǐfàn | fànguǎn	吃饭 | 米饭 | 饭馆	ごはん	
面	麵	mian4	wǒ chī miàn | miànbāo	我吃面 | 面包	めん	
吃		chi1	wǒ chī fàn	我吃饭	食べる	
鱼	魚	yu2	yú	我不吃鱼	さかな	
老		lao3	lǎoshī	老师	せんせい	
师	師	shi1	lǎoshī	老师	せんせい	
学	學	xue2	xuéshēng	学生	まなぶ、がくせい	
生		sheng1	xuéshēng | yīshēng	学生 | 医生	がくせい、いしゃ	
医	醫	yi1	yīshēng | yīyuàn	医生 | 医院	いしゃ	
们	們	men	wǒmen | nǐmen | tāmen	我们 | 你们 | 他们	～たち	
是		shi4	wǒ shì fǎguórén	我是法国人	être	
电	電	dian4	diànhuà | diànnǎo	电话 | 电脑	でんわ、パソコン	
话	話	hua4	diànhuà | shuōhuà	电话 | 说话	でんわ、かいわ	
少		shao3	duōshǎo	多少	どのくらい	
多		duo1	duōshǎo	多少	どのくらい	
号	號	hao4	diànhuà hàomǎ	电话号码	でんわばんごう	
的		de	wǒ de	我的...	～の～	
说	説	shuo1	shuōhuà | wǒ shuō hànyǔ	说话我说汉语	はなす	
码	碼	ma3	diànhuà hàomǎ	电话号码	でんわばんごう	
对	對	dui4	duì | duìbuqǐ	对 | 对不起	そうです | すみません	
大		da4	dàxué | jiānádà	大学 | 加拿大	おおきい	
都		dou1	wǒmen dōu shì xuéshēng	我们都是学生	みんな　| ぜんぶ	
美		mei3	méiguó | méiguórén	美国 | 美国人	アメリカ	
国	國	guo2	zhōngguó	中国	くに	
人		ren2	zhōngguórén，rìběnrén	中国人 | 日本人	ひと	
中		zhong4	zhōngguó	中国	ちゅうごく	
英		ying1	yīngguó | yīngyǔ	英国 | 英语	イギリス	
日		ri4	rìběn	日本	にほん	
本		ben3	rìběn	日本	にほん	
加		jia1	jiānádà | cānjiā	加拿大 | 参加	カナダ | さんか	
拿		na2	jiānádà	加拿大	カナダ	
哪		na3	nǐ zài nǎer？	你在哪儿	どこ	
早		zao3	zǎoshàng | zǎoān	早上 | 早安	はやい | 朝	
今		jin1	jīntiān	今天	きょう	
天		tian1	jīntiān | xīngqītiān | qiántiān	今天 | 星期天 | 前天	きょう | 日曜日 | おととい	
怎		zen3	zěnmeyàng	怎么样	どう | どうやって	
样	樣	yang4	zěnmeyàng	怎么样	どう | どうやって	
晚		wan3	wǎnshàng | wǎnān	晚上 | 晚安	夜 | お休み	
上		shang4	zǎoshàng | wǎnshàng	早上 | 晚上	うえ | 朝 | 夜	
住		zhu4	wǒ zhùzài fǎguó	我住在法国	(場所に)すむ	
家		jia1	wǒ de jiārén	我的家人	いえ | かぞく	
在		zai4	nǐ zài nǎer	你在哪儿	いる、ある	
香		xiang1	xiānggǎng	香港	ホンコン	
港		gang3	xiānggǎng	香港	ホンコン	
纽	紐	niu3	niǔyuē - New york	纽约	NY	
约	約	yue1	niǔyuē - New york | yuēhuì	纽约 | 约会	NY | デート	
伦	倫	lun2	lúndūn - London	伦敦	ロンドン	
敦		dun1	lúndūn - London	伦敦	ロンドン	
北		bei3	běijīng	北京	ペキン	
京		jing1	běijīng	北京	ペキン	
台	臺,檯,颱	tai2	táiwān	台湾	たいわん	
湾	灣	wan1	táiwān	台湾	たいわん	
没		mei2	méiguānxi | méiyǒu	没关系 | 没有	ない	
关	關	guan1	méiguānxi	没关系	大丈夫	
系	係,繋,繫	xi4	méiguānxi	没关系	大丈夫	
气	氣	qi4	búkèqǐ	不客气	どういたしまして	
谢	謝	xie4	xièxiè nǐ	谢谢你	ありがとう	
客		ke4	búkèqǐ	不客气	どういたしまして	
起		qi3	búkèqǐ	不客气	どういたしまして	
谁	誰	shei2	nǐ shì shéi	你是谁	だれ	
有		you3	wǒ méi yǒu qián	我没有钱	ある	
妹		mei4	mèimei	妹妹	いもうと	
姐		jie3	jiějie	姐姐	姉	
那		na4	nà ge rén	那个人	その、あの	
个	個	ge4	yígè rén	一个人	(量詞)	
这	這	zhe4	zhè ge rén | zhèer	这个人	この、これ	
爱	愛	ai4	àirén | wǒ ài nǐ	爱人 | 我爱你	あい	
哥		ge1	gēge	哥哥	兄	
弟		di4	dìdi	弟弟	おとうと	
爸		ba4	bàba	爸爸	父	
妈	媽	ma1	māma	妈妈	母	
请	請	qing3	qǐngwèn	请问	ください | すみません	
问	問	wen4	qǐngwèn	请问	ください | すみません	
帮	幫	bang1	bāngzhù | qǐng bāngzhù wǒ	帮助 | 请帮助我	てつだう | たすける	
助		zhu4	bāngzhù | qǐng bāngzhù wǒ	帮助 | 请帮助我	てつだう | たすける	
知		zhi1	zhīdào	知道	しる	
道		dao4	zhīdào	知道	しる	
次		ci4	yícì	一次	一回	
汉	漢	han4	hànyǔ | hànzi	汉语 | 汉字	中国語 | かんじ	
语	語	yu3	hànyǔ | rìyǔ | fǎyǔ	汉语 | 日语 | 法语	～ご、ことば	
久		jiu3	hǎo jiǔ bú jiàn	好久不见	ひさしぶり	
安		an1	zǎoān | wǎnān	早安 | 晚安	おはよう | お休み	
最		zui4	zuìjìn	最近	さいきん	
近		jin4	zuìjìn	最近	さいきん	
会	會	hui4	wǒ bú huì shuō | yíhuìer	我不会说 | 一会儿	できる(知識)	
错	錯	cuo4	bú cuò | wo shuo cuò le	不错 我说错了	言い間違える	
儿	兒	er2	érzi | nv'er | yi dian'er	儿子 | 女儿 | 一点儿	息子 | 娘 | 少し	
牛		niu2	niúnǎi	牛奶	ぎゅうにゅう	
奶	嬭,妳	nai3	niúnǎi | nǎinǎi	牛奶 | 奶奶	牛乳 | 祖母	
要		yao4	wǒ yào chī mǐfàn	我要吃米饭	～したい、～しなければならない	
热	熱	re4	rè kāfēi | rè chá | rè shuǐ	热咖啡 | 热茶 | 热水	あつい(コーヒー | お茶) | お湯	
冰		bing1	bīng chá | bīng shuǐ	冰茶 | 冰水	冷たい(お茶 | 水)	
洗		xi3	xǐshǒujiān	洗手间	トイレ	
手		shou3	xǐshǒujiān	洗手间	トイレ	
间	間	jian1	xǐshǒujiān | shíjiān	洗手间 | 时间	トイレ | じかん	
院		yuan4	yīyuàn | xuéyuàn	医院 | 学院	びょういん | がくいん	
馆	館	guan3	fànguǎn	饭馆	レストラン	
星		xing1	xīngqī | xià ge xīngqī | xīngqītiān	星期 | 下个星期 | 星期天	曜日、週	
期		qi1	xīngqī | xià ge xīngqī | xīngqītiān	星期 | 下个星期 | 星期天	曜日、週	
点	點	dian3	yīdiǎn | èrdiǎn | sāndiǎn | yīdiǎnbàn	一点 | 二点 | 三点 | 一点半	～時	
月		yue1	yīyuè | èryuè | sānyuè	一月 | 二月 | 三月	げつ、がつ	
年		nian2	èr líng yī sān nián	二〇一三年	とし、ねん	
半		ban4	yīdiǎnbàn	一点半	一時はん	
几	幾	ji3	xiànzài jídiǎn | jīntiān xīngqījǐ	现在几点 | 今天星期几	何時 | 何曜日	
现	現	xian4	xiànzài	现在	今	
两	兩	liang3	liǎng ge	两个	ふたつ	
孩		hai2	háizi	孩子	子供	
岁	嵗	sui4	èr shí sì suì | sānshísān suì	二十四岁 | 三十三岁	～さい、年齢	
子		zi3	háizi | érzi	孩子 | 儿子	こども | むすこ	
丈		zhang4	zhàngfū	丈夫	おっと	
夫		fu1	zhàngfū	丈夫	おっと	
妻		qi1	qīzi	妻子	つま	
女		nv3	nǚer | nǚpéngyou	女儿 | 女朋友	おんな	
它		ta1	tā shì wǒ de māo	它是我的猫	(動物)  il - かれ - it	
喂		wei2	wèi	喂	もしもし	
白		bai2	míngbái	你明白吗	分かる	
快		kuai4	kuàicān | nǐ shuō de hěn kuài	快餐 | 你说得很快	速く | ファストフード	
慢		man4	qǐng màn yīdiǎner shuō	请慢一点儿说	遅い	
得		de， děi	wǒ shuō de bù hǎo | wǒ děi ～	我说得不好 | 我得～	喋るのが上手くない | 〜しなければならない	
漂		piao4	piàolian	你很漂亮	綺麗	
亮		liang4	piàoliang	你很漂亮	綺麗	
朋		peng2	péngyǒu	我的女朋友	友達	
友		you3	péngyǒu	你的男朋友	ともだち	
可		ke3	kěài	可爱	かわいい	
男		nan2	nánpéngyǒu	男朋友	おとこ	
矮		ai3	ǎi	他们的哥哥很矮	(背が)低い	
非		fei1	fēicháng	这个礼物我非常喜欢，谢谢你	とても | ひじょうに	
常		chang2	fēicháng	非常	とても | ひじょうに	
午		wu3	shàngwǔ | xiàwǔ	上午 | 下午	あさ | ごご	
分		fen1	èrdiǎnèrshíèrfēn	二十二点二十二分	～ふん　(時間)	
下		xia4	xiàge xīngqī	下个星期	した | 来週	
每		mei3	měi ge xīngqīliù	每个星期六	まい～　まいしゅう	
周		zhou1	zhōumò	周末，周四=星期四	週末	
末		mo4	zhōumò	周末	しゅうまつ	
昨		zuo2	zuótiān	昨天	きのう	
做		zuo4	nǐ zuò shenme	你做什么	～する	
了		le	wǒ chīfàn le	我吃饭了	(過去を表す)	
去		qu4	qùnián | nǐ qù nǎer？	去年 | 你去哪儿	行く	
右		you4	māo zài nǐ de yòubiān	猫在你的右边	みぎ	
左		zuo3	māo zài nǐ de zuǒbiān	猫在你的左边	ひだり	
前		qian2	māo zài nǐ de qiánmian | sāntiānqián	猫在你的前面 | 三天前	まえ | おととい	
后	後	hou4	māo zài nǐ de hòumian | yìniánhòu	猫在你的后面 | 一年后	うしろ | あさって	
旁		pang2	nǐ de pángbiān	你的旁边	隣	
校		xiao4	xuéxiào	学校	がっこう	
路		lu4	wǒ bù zhīdào lù	我不认识路	道	
走		zou3	dào xuéxiào zěnme zǒu	到学校怎么走	歩く	
到		dao4	dào xuéxiào zěnme zǒu	到学校怎么走	～まで	
里	裡裏	li3	nǐ zài nǎli	你在哪里	～の中	
往		wang3	qǐng wǎng yòubiān zǒu	请往右边走	右に進んでください	
边	邊	bian1	pángbiān	旁边 | 右边 | 左边	隣	
书	書	shu1	wǒ xǐhuān kàn shū	我喜欢看书	本	
喜		xi3	wǒ xǐhuān kàn shū	我喜欢看书	好き	
欢	歡	huan1	wǒ xǐhuān kàn shū	我喜欢看书	好き	
看		kan4	wǒ xǐhuān kàn shū	我喜欢看书	読む | 見る | 会う	
脑	腦	nao3	nǐ wánbuwán diànnǎo yóuxì	你玩不玩电脑游戏	パソコン	
玩		wan2	nǐ wán diànnǎo yóuxì	你玩电脑游戏	遊ぶ	
游	遊	you2	yóuxì	游戏	ゲーム	
戏	戲	xi4	yóuxì	游戏	ゲーム	
听	聽、聼	ting1	tīng yīnyuè	听音乐	聴く	
音		yin1	yīnyuè	音乐	おんがく	
乐	樂	yue4，le4	yīnyuè | kuàilè	音乐 | 快乐	おんがく | 幸せ	
歌		ge1	chànggē	唱歌	うたう	
唱		chang4	chànggē	唱歌	うたう	
跳		tiao4	tiàowǔ	跳舞	踊る	
舞		wu3	tiàowǔ	跳舞	踊る	
能		neng2	tā bù néng tiàowǔ	他不能跳舞	～できる	
床		chuang2	qǐchuáng | shàngchuáng	起床 | 上床	(寝てから)起きる | 寝る(ベッドに入る)	
班		ban1	shàngbān	上班 | 下班	仕事(に行く)(から帰る)こと	
睡		shui4	shuìjiào	睡觉	寝る	
觉	覺	jiao4，jue2	shuìjiào | juéde	睡觉 | 觉得	寝る | 思う	
从	從	cong2	cóng ～	从~到~	～から	
回		hui2	huíjiā	回家	家に帰る	
放		fang4	fàngxué	放学	学校が終わること	
钱	錢	qian2	méiyǒu qián	没有钱	お金	
块	塊	kuai4	8 kuài　(8 yuán) | yíkuài dàngāo	八块 | 一块蛋糕	ケーキの数え方	
角		jiao3	jiǎo （0.1 yuán）	角(書き言葉) = 毛(話し言葉)		
毛		mao2	máo （0.1 yuán）	角(書き言葉) = 毛(話し言葉)		
买	買	mai_3	mǎi dōngxi	买东西	買う	
只	隻,衹	zhi3，zhi1	zhǐ shuō bú zuò | yìzhī gǒu(māo/niǎo)	只说不做 | 一只狗(猫/鸟)	ただ、だけ。口で言うだけで実行しない | 一匹	
共		gong4	yīgòng	一共	全部で	
千		qian1	qiān kuài	千块	1000	
信		xin4	xìnyòngkǎ	信用卡	クレジットカード	
用		yong4	xìnyòngkǎ	信用卡	クレジットカード	
卡		ka3	xìnyòngkǎ	信用卡	クレジットカード	
收	収	shou1	shōu xìnyòngkǎ	收信用卡	使える | 受け取る	
便		pian2, bian4	pian2yi	便宜	安い	
宜		yi2	pian2yi	便宜	安い	
贵	貴	gui4	tài guì le	太贵了	高い(値段)	
金		jin1	xiànjīn	现金	おかね | げんきん	
行		xing2，hang2	bùxíng | yínháng	不行 | 银行	ダメ | ぎんこう	
万	萬	wan4	yī wàn (10 000)	1万	10 000	
太		tai4	tài guì le	太贵了	～すぎ	
视	視	shi4	diànshì	电视	テレビ	
想		xiang3	wǒ xiǎng ～	我想~	～したい	
干	幹，乾	gan4，gan1	nǐ gàn shénme | gan1bei1	这个周末我们会干什么 | 干杯	する(動詞) | 乾杯	
影		ying3	diànyǐng	电影	映画	
报	報	bao4	bàozhǐ	报纸	新聞	
纸	紙	zhi3	bàozhǐ	报纸	新聞	
网	網	wang3	shàngwǎng	上网	ネットで	
新		xin1	xīnwén ｜ xīnniánkuàile	我用电脑看新闻	ニュース	
闻	聞	wen2	xīnwén	新闻	ニュース	
机	機	ji1	shǒujī ｜ fēijī	手机	携帯	
韩	韓	han2	hánguó	韩国	かんこく	
目		mu4	jiémù ｜ diànshì jiémù ｜ tǐyù jiémù	节目	番組	
节	節	jie2	jiémù ｜ diànshì jiémù ｜ tǐyù jiémù	节目	番組	
体	體	ti3	tǐyù	体育	からだ	
育		yu4	tǐyù	体育	スポーツ	
找		zhao3	wǒ xiǎng zhǎodào tā ｜ nǐ zhǎo shéi	你找谁	探す、誰を探してる？	
桌		zhuo1	zhuōzi	桌子	机	
椅		yi3	yǐzi	椅子	いす	
外		wai4	wǒ zài pángjiān wài	我在房间外	～の外	
房		fang2	fángjiān	房间	部屋	
箱		xiang1	bīngxiāng	冰箱	冷蔵庫	
等		deng3	qǐng děng yīxià	请等一下	待つ	
位		wei4	nǐmen jǐwèi	你们几位	～名様	
进	進	jin4	qǐng jìn	请进	入る	
菜		cai4	càidān	菜单	メニュー	
单	單	dan1	càidān | wǒ mǎidān	菜单 | 我买单	メニュー、お会計する	
坐		zuo4	qǐng zuò | nǐmen xiǎng zuòzài nǎlǐ	你们想坐在哪里	すわる	
文		wen2	zhōngwén | yīngwén	中文 | 英文	中国語	
订	訂	ding4	wǒ xiǎng dìngwèi	我想订位	予約をする	
服		fu2	fúwùyuán	服务员	店員	
务	務	wu4	fúwùyuán	服务员	店員	
员	員	yuan2	fúwùyuán	服务员	店員	
东	東	dong1	dōngxi | mǎi dōngxi	东西 | 买东西	物 | 買い物をする	
西		xi1	dōngxi | xīguā | xīhóngshì	东西 | 西瓜 | 西红柿	物 | スイカ | トマト	
些		xie1	zhè xiē pǐngguǒ	这些苹果	これらの林檎	
印		yin4	yìndù	印度	インド	
度		du4	yìndù	印度	インド	
超		chao1	wǒ qù chāoshì mǎi dōngxi	我去超市买东西	私はスーパーに行って買い物をする	
市		shi4	wǒ qù chāoshì mǎi dōngxi	我去超市买东西	私はスーパーに行って買い物をする	
给	給	gei3	qǐng gěi wǒ qián	请给我钱	お金ください	
瓜		gua1	xīguā	西瓜	スイカ	
苹	蘋	ping2	píngguǒ	苹果	林檎	
果		guo3	shuǐguǒ | píngguǒ	水果 | 苹果	くだもの、林檎	
鸡	鷄、雞？	ji1	jīdàn | jīròu | jīdànxīhóngshì	鸡蛋 | 鸡肉 | 鸡蛋西红柿	卵、鶏肉	
蛋		dan4	jīdàn | jīdànxīhóngshì	鸡蛋 | 鸡蛋西红柿	卵	                                                                                          
鲜	鮮	xian1	xīnxiān	新鲜	しんせん(な)	
蔬		shu1	shūcài	蔬菜	野菜	
包		bao1	miànbāo | yībāo píngguǒ | yībāo mǐ	面包 | 一包苹果 | 一包米	パン、林檎一袋、米一袋	
糖		tang2	wǒ de chá yǒu táng	我的茶有糖	さとう。お茶にさとうが入ってる	
袋		dai4	yīdài píngguǒ | dàizi	一袋苹果 | 袋子	ひとぶくろ | 袋	
米		mi3	mǐfàn	米饭	ごはん(こめ)	
习	習	xi2	wǒ xuéxí hànyǔ	我学习汉语	勉強する	
为	為爲	wei4，wei2	wèi shénme | yīnwèi | chéngwéi	为什么 | 因为 | 成为	どうして | だから、なので | ～になる	
牙		ya2	xībānyá	西班牙	スペイン	
所		suo3	suǒyǐ | zhège tàiguì，suǒyǐ wǒ bù mǎi	所以 | 这个太贵，所以我不买	～ので、donc	
以		yi3	suǒyǐ | zhège tàiguì，suǒyǐ wǒ bù mǎi	所以 | 这个太贵，所以我不买	～ので、donc	
因		yin1	yīnwèi	因为	Parce que, comme ~	
旅		lv3	lǚyóu | lǚxíng	旅游 | 旅行	りょこう	
轻	輕	qing1	qīngsōng	轻松	リラックス	
松	鬆	song1	qīngsōng	轻松	リラックス	
拍		pai1	pāizhào	拍照	写真を撮ること	
照		zhao4	zhàoxiàngjī	照相机	カメラ	
相		xiang4, xiang1	zhàoxiàngjī	照相机	カメラ	
还	還	hai2	háishi	还是	それとも、～と～どちら	
海		hai3	shànghǎi	上海	シャンハイ	
肉		rou4	ròu | jīròu | yángròu | zhūròu	鸡肉	にく、とりにく	
条	條	tiao2	miàntiáo | zhè tiáo qúnzi	面条 | 这条裙子	麺 | (量詞)	
猪		zhu1	zhūròu	猪肉	ぶた、ぶたにく	
饮	飲	yin3	yǐnliào	饮料	のみもの	
料		liao4	yǐnliào	饮料	のみもの	
羊		yang2	yángròu	羊肉	ひつじ、ラム肉	
胖		pang4	pang4	我不胖	太ってる	
工		gong1	gōngzuò	工作	仕事	
作		zuo4	gōngzuò	工作	仕事	
累		lei4	nǐ lèi ma	我太累了	疲れる	
健		jian4	jiànkāng	健康	けんこう	
康		kang1	jiànkāng	健康	けんこう	
身		shen1	shēntǐ | wǒ shēntǐ búcuò	身体 我身体不错	体	
注		zhu4	zhùyì | qǐng zhùyì jiànkāng	注意 请注意健康	ちゅうい	
意		yi4	zhùyì | qǐng zhùyì jiànkāng	注意 请注意健康	ちゅうい	
开	開	kai1	kāishǐ	开始	かいし	
始		shi3	kāishǐ	开始	かいし	
锻	鍛	duan4	duànliàn	锻炼	(体を)きたえる	
炼	煉、鍊	lian4	duànliàn	锻炼	(体を)きたえる	
地		di4	dìtiě	地铁	ちかてつ	
铁	鐵、銕	tie3	dìtiě	地铁	ちかてつ	
酒		jiu3	jiǔdiàn | píjiǔ	酒店 | 啤酒	ホテル | ビール	
店		dian4	jiǔdiàn	酒店	ホテル	
准	凖	zhun3	bùzhǔn	不准~	禁止、～してはいけない	
站		zhan4	chēzhàn | zhànzài	车站 | 站在	駅 | 立っている	
出		chu1	chūzūchē	出租车	タクシー	
租		zu1	chūzūchē	出租车	タクシー	
车	車	che1	chūzūchē	出租车	タクシー	
公		gong1	gōnggòngqìchē	公共汽车	バス	
汽		qi4	gōnggòngqìchē	公共汽车	バス	
船		chuan2	chuán | yì zhī chuán	一只船	ふね	
衣		yi1	yīfu	衣服	服	
件		jian4	yíjiàn yīfu	一件衣服	(量詞)　服	
商		shang1	shāngdiàn	商店	しょうてん、店	
门	門	men2	qǐng kāimén | qǐng guānmén	请开门 | 请关门	ドア、ドアを開けて下さい、ドアを閉めて下さい	
迎		ying2	huānyíng	欢迎	かんげい	
需		xu1	xūyào	需要	必要、しなければならない	
随	隨	sui2	suíbiàn | qǐng suíbiàn zuò	随便 | 请随便坐	自由に。ご自由にお掛け下さい	
您		nin2	xièxiè nín	谢谢您	あなた(丁寧)	
思		si1	shénme yìsi	意思	意味	
写	寫	xie3	zhège zì nǐ xiě cuò le	这个字你写错了	書く	
读	讀	du2	dú bàozhǐ | wǒ huì dú yìdiǎner zhōngwén	读报纸 | 我会读一点儿中文	読む	
难	難	nan2	zhège zì hěn nán	这个字很难	むずかしい	
秒		miao3	gěi wǒ shí miǎo	给我十秒	びょう、second	
刻		ke4	wǔdiǎn chà yí kè	五点差一刻	五時十五分前	
差		cha4，chai1	wǔdiǎn chà yí kè | chūchāi	五点差一刻 | 出差	五時十五分前 | 出張	
钟	鐘	zhong1	wǔ fēnzhōng	五分钟	～間？～分間？	
小		xiao3	sān ge xiǎoshi | xūyào jǐge xiǎoshi	三个小时 | 需要几个小时	三時間、何時間かかる	
时	時	shi2	sān ge xiǎoshi | xūyào jǐge xiǎoshi	三个小时 | 需要几个小时	三時間、何時間かかる	
整		zheng3	xiànzài liǎng diǎn zhěng	现在两点整	ちょうど2時	
正		zheng4	zhènghǎo | xiànzài zhènghǎo liǎng diǎn | wǒ zhèngzài gōngzuò	正好 | 现在正好两点 | 我正在工作	2時ちょうど | 私は仕事をしているところ	
杯		bei1	bēizi | yì bēi píjiǔ	杯子 | 一杯啤酒	コップ | 〜はい(飲み物)	
啤		pi2	píjiǔ	啤酒	ビール	
德		de2	déguó	德国	ドイツ	
汁		zhi1	guǒzhī	果汁	ジュース	
蕉		jiao1	xiāngjiāo	香蕉	バナナ	
糕		gao1	dàngāo | yíkuài dàngāo	一块蛋糕	(一個の)ケーキ	
碗		wan3	yì wǎn mǐfàn	一碗米饭	茶わん	
盘	盤	pan2	pánzi	盘子	お皿	
筷		kuai4	kuàizi	筷子	お箸	
刀		dao1	dāo	刀	ナイフ	
叉		cha1	chāzi	叉子	フォーク	
勺		shao2	sháozi	勺子	スプーン	
办	辦	ban4	bàngōngshì	办公室	事務所	
室		shi4	bàngōngshì	办公室	事務所	
辆	輛	liang4	wǒ mǎi le yí liàng qìchē	我买了一辆汽车	車を数える量詞	
瓶		ping2	píngzi	瓶子	びん	
片		pian4	yìzhāng zhàopiàn	一张照片	一枚の写真	
树	樹	shu4	shù xià yǒu yìzhī māo	树下有一只猫	木	
跑		pao3	pǎobù	跑步	走る	
步		bu4	pǎobù	跑步	走る	
泳		yong3	yóuyǒng	游泳	およぐ	
打		da3	dǎ lánqiú	打篮球	(バスケットボールを)する	
足		zu2	tī zúqiú	踢足球	(サッカーを)する	
球		qiu2	tī zúqiú	踢足球	サッカー	
踢		ti1	tī zúqiú	踢足球	サッカー	
篮	籃	lan2	dǎ lánqiú	打篮球	バスケット	
运	運	yun4	yùndòng	运动	運動	
动	動	dong4	yùndòng	运动	運動	
骑	騎	qi2	qí mǎ	骑马	乗馬	
马	馬	ma3	qí mǎ	骑马	乗馬	
吧		ba5	zǒu ba	走吧	行きましょう	
空		kong4	yǒu kòng | nǐ xīngqīliù yǒu kòng ma	有空 | 你星期六有空吗	暇ですか？	
来	來	lai2	wèishénme nǐ méiyou lái gōngzuò ？	为什么你没有来工作?	くる	
候		hou4	shénme shíhou	什么时候	いつ	
过	過	guo4	nǐmen kànguo nà běn shū ma	你们看过那本书吗	Vたことがある	
告		gao4	gàosù | wèishénme nǐ méiyou gàosù wǒ？	告诉 | 为什么你没有告诉我	なぜ私に知らせなかったのですか	
诉	訴	su4	gàosù | wèishénme nǐ méiyou gàosù wǒ？	告诉 | 为什么你没有告诉我	なぜ私に知らせなかったのですか	
浪		lang4	làngmàn	浪漫	ロマンティック	
漫		man4	làngmàn | mànhuà	浪漫 | 漫画	ロマンティック | まんが	
舒		shu1	shūfu | wǒ bù shūfu	舒服 | 我不舒服	快適 | 具合が悪い	
应	應	ying1	yīnggāi | nǐ yīnggāi huíjiā	应该 | 你应该回家	～するべき、～しなければならない	
该	該	gai1	yīnggāi | nǐ yīnggāi huíjiā	应该 | 你应该回家	～するべき、～しなければならない	
病		bing4	shēngbìng | wǒ shēngbìng le	生病 | 我生病了	びょうき	
休		xiu1	xiūxi	休息	やすむ	
息		xi1	xiūxi	休息	休む	
肚		du4	dùzi	肚子	お腹	
留		liu2	liúzài | wǒ xiǎng liúzài jiā gōngzuò	留在 | 我想留在家工作	残る | 私は家に残って仕事がしたい	
定		ding4	yídìng	一定	必ず	
别		bie2	bié～ | bié kàn	别~ | 别看	～しないで(命令) | 見ないで	
假		jia4	qǐngjià	请假	休みを取る	
发	發，髮	fa1，fa4	fāshāo | nǐ yǒumeiyou fāshāo | tóufà	发烧 | 你有没有发烧 | 头发	熱 | 熱が出る | 髪	
烧	燒	shao1	fāshāo | nǐ yǒumeiyou fāshāo | tā fāshāo le	发烧 | 你有没有发烧 | 他发烧了	熱 | 熱が出る	
疼		teng2	dùzi téng	肚子疼	痛い、お腹が痛い、腹痛	
药	藥	yao4	？ hē yào	药	薬	
头	頭	tou2	wǒ tóu téng	他头疼	頭、頭が痛い	
感		gan3	gǎnmào | tā gǎnmào le	感冒 | 她感冒了	風邪	
冒		mao4	gǎnmào | tā gǎnmào le	感冒 | 她感冒了	風邪	
派		pai4	pàiduì	派对	 パーティー	
扮		ban4	dǎbàn | tā dǎbàn de hěn piàoliàng	打扮 | 她打扮得很漂亮	おしゃれ | おしゃれをしている	
希		xi1	xīwàng	希望	のぞむ	
望		wang4	xīwàng	希望	のぞむ	
跟		gen1	gēn～	跟~(人)	～と(一緒に)	
司		si1	gōngsī	公司	会社	
才		cái	wǒ jīntiān zǎoshàng liǎngdiǎn cái huíjiā	我今天早上两点才回家	やっと？ 私は今朝2時にやっと家に帰った	
事		shì	nǐ yǒu shénme shìqíng	你有什么事情	どんなことがあった	
情		qíng	nǐ yǒu shénme shìqíng	你有什么事情	どんなことがあった	
费	費	fei4	xiǎofèi	小费	チップ	
完		wán	nǐ chī wán le ma	你吃完了吗	V+終える、V+終わる	
真		zhēn	tā zhēn piàoliàng	她真漂亮	本当に	
已		yǐ	yǐjīng	已经	もう、すでに	
经	經	jīng	yǐjīng｜jīngjì	已经｜经济	もう、すでに｜経済	
饱	飽	bǎo	wǒ hěn bǎo	我很饱	お腹がいっぱい	
饿	餓	e4	wǒ è le	我饿了	お腹が空いた	
渴		ke3	wǒ hěn kě	我很渴	喉が渇いた	
甜		tian2	tiándiǎn | zhè ge dàngāo tài tián le	甜点 | 这个蛋糕太甜了	デザート | 甘い	
巧		qiao3	qiǎokèlì	巧克力	チョコレート	
克		ke4	qiǎokèlì	巧克力	チョコレート	
力		li4	qiǎokèlì | shìlì	巧克力 | 视力	チョコレート | 視力	
味		wei4	wèidào	味道	あじ	
试	試	shi4	tā xiǎng shìshì zhè tiáo lán qúnzi	她想试试这条蓝裙子	ためす	
鞋		xié	zhè shuāng xiézi	这双鞋子	靴	
裙		qun2	zhè tiáo qúnzi	这条裙子	スカート	
裤	褲	ku4	zhè tiáo kùzi	这条裤子	ズボン	
衬	襯	chen4	chènshān	这件衬衫	シャツ	
衫		shan1	chènshān	这件衬衫	シャツ	
蓝	藍	lan2	lánsè	蓝色	青い	
色		se4	lánsè	蓝色	青い	
双	雙	shuang1	zhè shuāng xiézi	这双鞋子	(量詞)	
比		bi3	nǐ de qúnzi bǐ wǒ de piàoliàng	你的裙子比我的漂亮	くらべて	
质	質	zhi4	zhìliàng | zhè shuāng xiézi zhìliàng bú tài hǎo	质量 | 这双鞋子质量不太好	質	
量		liang4	zhìliàng | zhè shuāng xiézi zhìliàng bú tài hǎo	质量 | 这双鞋子质量不太好	質	
利		li4	yìdàlì | àodàlìyà	意大利 | 澳大利亚	イタリア | オーストラリア	
耳		er3	ěrduo (!duo轻声) | yìzhī ěrduo	耳朵 | 一只耳朵	みみ	
朵		duo3	ěrduo (!duo轻声) | yìzhī ěrduo	耳朵 | 一只耳朵	耳	
眼		yan3	yǎnjīng	眼睛	目	
睛		jing1	yǎnjīng	眼睛	目	
绿	緑	lv4	lǜsè	绿色	みどり	
脸	臉	lian3	liǎn | xǐliǎn	脸 | 洗脸	顔 | 顔を洗う	
又		you4 	wǒ nǔpéngyou de yǎnjīng yòu hēi yòu piàoliàng	我女朋友的眼睛又黑又漂亮	～し、～し	
黑		hei1	hēisè	黑色	くろい	
脚		jiao3	jiǎo	脚	足	
嘴		zui3	zuǐbā	嘴巴	口	
巴		ba1	zuǐbā	嘴巴	口	
鼻		bi2	bízi	鼻子	はな	
离	離	li2	yīyuàn lí zhèli yuǎn ma	医院离这里远吗	病院はここから遠い？	
远	遠	yuan3	yīyuàn lí zhèli yuǎn ma	医院离这里远吗	遠い	
停		ting2	kěyǐ kào yòubian tíng ma	可以靠右边停吗	止める	
飞	飛	fei1	fēijī	飞机	飛行機	
场	場	chang3	jīchǎng | zěnme qù jīchǎng	机场 | 怎么去机场	空港	
靠		kao4	kào | qǐng kào yòubian tíng	靠 | 请靠右边停	右側に寄せて止めてください	
票		piao4	piào | jīpiào | huǒchēpiào	~票 | 机票 | 火车票	~券 / 切符 | 航空券 | 列車の切符	
火		huo3	huǒchē	火车	列車	
迟	遲	chi2	chídào	迟到	遅れる	
让	讓	rang4	ràng | gōngsī bú ràng wǒ qǐngjià | bú ràng	~让~ | 公司不让我请假 | ~不让~	～させる　会社は私に休暇を取らせてくれない | ～させてくれない	
冷		leng3	lěng	冷	寒い	
晴		qing2	qíng qíngtiān	晴 | (~是)晴天	晴れ	
雪		xuě	xià xuě le	下雪了	ゆきが降っている	
阴	陰	yin1	yīntiān | wǒ bù xǐhuan yītiān	阴天 | 我不喜欢阴天	曇り | 曇りが好きじゃない	
雨		yu3	xià yǔ le	下雨了	あめが降ってる	
伞	傘	san3	sǎn | nǐ yǒu dài sǎn ma	你有带伞吗	傘	
带	帶	dai4	nǐ yǒu dài sǎn ma	你有带伞吗	持つ、連れて	
着		zhe	tā zài děngzhe wǒ wàimiàn xiàzhe yǔ	他在等着我、外面下着雨	〜ている	
刮	颳	gua1	wàimiàn guāzhe fēng	外面刮着风	吹く　外で風が吹いてる	
风	風	feng1	wàimiàn guāzhe fēng | wàimiàn de fēng hěn dà	外面刮着风 | 外面的风很大	外で風が吹いてる | 外の風が強い	
就		jiu4	rúguǒ míngtiān xià yǔ，wǒmen jiù bù chūqù	如果明天下雨，我们就不出去	(一つの意味)～するとすぐ～	
如		ru2	rúguǒ | rúguǒ míngtiān xià yǔ，wǒmen jiù bù chūqù	如果 | 如果明天下雨，我们就不出去	もし～たら	
红	紅	hong2	hóngsè | hong2jiu3	红色 | 紅酒	赤い | 赤ワイン	
穿		chuan1	wǒ yào chuān shénme qù zhège pàiduì	我要穿什么去这个派对	着る	
虽	雖	sui1	suīrán | suīrán nà tiáo kùzi hěn piányì，dànshì bù shūfu	虽然 | 虽然那条裤子很便宜，但是不舒服	～けど？？	
短		duan3	duǎn	短	みじかい	
但		dan4	dànshì	但是	しかし	
长	長	chang2，zhang3	cháng | tài cháng le | zhǎngdà	太长了 | 长大	長い | 大きくなる、成長	
然		ran2	suīrán | suīrán nà tiáo kùzi hěn piányì，dànshì bù shūfu	虽然 | 虽然那条裤子很便宜，但是不舒服	けど、しかし	
颜	顏，顔	yan2	yánsè | wǒ chuān shénme yánsè hǎokàn	颜色 | 我穿什么颜色好看	私は何色を着ると綺麗ですか	
黄	黃	huang2	huángsè	黄色	きいろ	
帽		mao4	màozi	帽子	ぼうし	
紫		zi3	zǐsè	紫色	むらさき	
表	錶	biao3	shǒubiǎo | shǒubiǎo yǐjīng mài wán le	手表 | 手表已经卖完了	腕時計 | 腕時計はもう売り切れ	
卖	賣	mai_4	wǒ bú mài shǒubiǎo	我不卖手表	私は腕時計を売りません	
介		jie4	jièshào	介绍	しょうかいする	
绍	紹	shao4	jièshào	介绍	しょうかいする	
帅	帥	shuai4	tā hěn shuài，dànshì bú shì yígè hǎo rén	他很帅，但是不是一个好人	カッコいい | 彼はカッコいいけど、いい人じゃない	
笑		xiao4	nǐmen zài xiào shénme	你们在笑什么	何を笑ってる	
而		er2	érqiě | ～bú dàn～，érqiě ～ | tā bú dàn shuài，érqiě cōngmíng	~不但~, 而且~ | 他不但帅，而且聪明	彼はかっこいいだけでなく、その上賢い	
且		qie3	érqiě | ～bú dàn～，érqiě ～ | tā bú dàn shuài，érqiě cōngmíng	~不但~, 而且~ | 他不但帅，而且聪明	彼はかっこいいだけでなく、その上賢い	
聪	聰	cong1	cōngmíng	聪明	賢い	
春		chun1	chūnjié | chūntiān	春节 | 春天	旧正月 | はる	
送		song4	sòng lǐwù | wǒ sòng gěi tā shénme lǐwù	送礼物 | 我送给她什么礼物	プレゼントをあげる	
礼	禮	li3	lǐwù	礼物	プレゼント	
物		wu4	lǐwù	礼物	プレゼント	
法		fa3	fǎguó	法国	フランス	
祝		zhu4	zhù nǐ shēntǐ jiànkāng	祝你身体健康	あなたのご健康をいのっている	
练	練	lian4	liànxí	练习	練習	
乒		ping1	dǎ pīngpāngqiú	打乒乓球	卓球	
乓		pang1	dǎ pīngpāngqiú	打乒乓球	卓球	
赛	賽	sai4	bǐsài	比赛	試合	
第		di4	dì ～ | tā shì dìyī	第～ | 他是第一	だい～ | 一位 | 彼が一位	
排		pai2	páiqiú | niúpái	排球 | 牛排	バレーボール | ステーキ	
失		shi1	shīwàng	失望	がっかり	
油		you2	jiāyóu	加油	頑張って！	
参	參	can1	cānjiā | cānjiā bǐsài	参加 | 参加比赛	さんかする | 試合に出る	
输	輸	shu1	tā shū le，wǒ fēicháng shīwàng	他输了，我非常失望	負ける	
心		xin1	xìnxīn | wǒmen yǒu xìnxīn huì yíng zhège bǐsài	信心 | 我们有信心会赢这个比赛	自信 | この試合に勝つ自信がある	
赢	贏	ying2	yíng | wǒmen yǒu xìnxīn huì yíng zhège bǐsài	赢 | 我们有信心会赢这个比赛	勝つ | この試合に勝つ自信がある	
理		li3	dìlǐ	地理	ちり	
课	課	ke4	yǒu kè | shàngkè | shàng～kè	有课 | 上课 | 上[科目名]课	授業がある | 授業に出る	
教		jiao4	jiàoshì	教室	きょうしつ	
同		tong2	tóngxué	同学	クラスメート	
懂		dong3	dǒng | wǒ bù dǒng	懂 | 我不懂	分かる　分からない	
题	題	ti2	wèntí | yǒu shénme wèntí ma | zhècì kǎoshì yǒu duōshǎo tí	问题 | 有什么问题吗 | 这次考试有多少题	質問 | 何か質問がある? | 今回のテストは何問ありますか	
术	術	shu4	měishù	美术	美術	
考		kao3	kǎoshì	考试	テスト	
备	備	bei4	zhǔnbèi | zhǔnbèi hǎole ma	准备 | 准备好了吗	準備できた？	
科		ke1	kēxué | shàng kēxué kè	科学 | 上科学课	かがく	
笔	筆	bi3	méi yǒu bǐ	没有笔	ペン | ペンがない	
阿		a1	āyí	阿姨	叔母	
姨		yi2	āyí	阿姨	叔母	
爷	爺	ye2	yéyé	爷爷	祖父	
兄		xiong1	xiōngdìjiěmèi	兄弟姐妹	きょうだい	
母		mu3	fùmǔ	父母	両親	
父		fu4	fùmǔ	父母	両親	
亲	親	qin1	qīnqī | wǒ yǒu hěn duō qīnqī	亲戚 | 我有很多亲戚	しんせき	
戚		qi1	qīnqī | wǒ yǒu hěn duō qīnqī	亲戚 | 我有很多亲戚	しんせき	
像		xiang4	xiàng | wǒ de jiā xiàng jiǔdiàn yíyàng	像 | 我的家像酒店一样	のような | 私の家はホテルのようだ	
粥		zhou1	zhè wǎn zhōu tài rè le	这碗粥太热了	お粥	
豆		dou4	dòujiāng	豆浆	とうにゅう	
浆	漿	jiang1	dòujiāng	豆浆	とうにゅう	
锅	鍋	guo1	huǒguō	火锅	火鍋	
笼	籠	long2	xiǎolóngbāo	小笼包	小籠包	
拉		la1	lāmiàn | shālā	拉面 | 沙拉	ラーメン | サラダ	
炒		chao3	chǎofàn	炒饭	チャーハン	
叔		shu1	shūshū	叔叔	叔父	
夏		xia4	xiàtiān	夏天	なつ	
冬		dong1	dōngtiān | zhèlǐ zài dōngtiān xià xuě ma	冬天 | 这里在冬天下雪吗	ふゆ	
秋		qiu1	qiūtiān	秋天	あき	
澳		ao4	Àodàlìyà	澳大利亚	オーストラリア	
亚	亞	ya4	Àodàlìyà	澳大利亚	オーストラリア	
季		ji4	jìjié	季节	きせつ	
越		yue4	yuè～yuè | yuè lái yuè | zuìjìn yuè lái yuè rè le	越~越 | 越来越 | 最近越来越热了	すればするほど | ますます | ますます暑くなった	
概		gai4	dàgài	大概	たぶん	
刚	剛	gang1	gāng + V | tā gāng zǒu	刚+V | 他刚走	V＋たばかり | 行ったばかり	
堵		du3	dǔchē	堵车	渋滞	
园	園	yuan2	gōngyuán	公园	公園	
附		fu4	fùjìn	附近	近く	
城		cheng2	chéngshì	城市	都市	
图	圖	tu2	túshūguǎn	图书馆	図書館	
方		fang1	dìfāng	地方	場所	
花		hua1	huāqián | nǐ huā le duōshǎo qián | wǒ huā le tài duō shíjiān zuò fàn	花钱 | 你花了多少钱？ | 我花了太多时间做饭	(お金や時間を)使う、かかる	
折		zhe2	dǎzhé | zhè jiàn chènshān dǎzhé ma	打折 | 这件衬衫打折吗	割引 | 割引されますか	
皮		pi2	píxié	皮鞋	革靴	
旧	舊	jiu4	jiù | nǐ de diànhuà tài jiù le	旧 | 你的电话太旧了	古い | 君の電話古すぎる	
换	換	huan4	huàn chē	换车	車をかえる	
退		tui4	tuì kuǎn | tuì huò	退款 | 退货	返金 | 返品	
货	貨	huo4	tuì huò	退货	返品	
款		kuan3	tuì kuǎn	退款	返金	
刷		shua1	shuāyá	刷牙	歯を磨く	
惯	慣	guan4	xíguàn	习惯	しゅうかん | なれている	
澡		zao3	xǐzǎo	洗澡	お風呂に入る	
总	總	zong3	zǒngshi	总是	いつも	
梦	夢	meng4	zuòmèng | bié zuòmèng le	做梦 | 别做梦了	夢を見る | 夢を見ないで	
故		gu4	gùshì	故事	物語	
讲	講	jiang3	jiǎng | tā zài jiǎng shénme | jiǎng gùshì	他在讲什么 | 讲故事	話す | 物語を話す	
辣		la4	zhè ge cài hěn là	这个菜很辣	辛い	
除		chu2	chúle～ | chúle nǐ，wǒmen dōu rènshì tā	除了~ | 除了你，我们都认识他	～以外、～をのぞいて	
咸		xian2	xián	咸	しょっぱい	
饺	餃	jiao3	jiǎozi	饺子	ぎょうざ	
其		qi2	qí～	其~ 其他？？？？	ほかの	
苦		ku3	zhè ge cài hěn kǔ	这个菜很苦	にがい	
极	極	ji2	～jíle | zhè shì shénme？kǔ jíle	～极了 | 这是什么？苦极了	すごく〜 | これは何？すごく苦い	
盐	鹽	yan2	yán | zhè ge yǒu tài duō yán	盐 | 这个有太多盐	塩 | 塩が多すぎ	
南		nan2	nán | nánfāng	南方	みなみ | 中国のみなみの区域	
初		chu1	chūzhōng	初中	中学	
级	級	ji2	niánjí | jǐ niánjí	年级 | 几年级	何年生	
镜	鏡	jing4	yǎnjìng	眼镜	めがね	
戴		dai4	dài yǎnjìng	戴眼镜	眼鏡をかける	
较	較	jiao4	bǐjiào | wǒ bǐjiào niánjīng	比较 | 我比较年经	~の方が | 私の方が若い	
局		ju2	gōng'ānjú	公安局	公安局	
恋	戀	lian4	liàn'ài	恋爱	恋愛	
鹅	鵝	e2	tiān'é	天鹅	白鳥	
木		mu4	mù'ǒuxì	木偶戏	人形劇	
偶		ou3	mù'ǒuxì	木偶戏	人形劇	
餐		can1	cāntīng	餐厅	レストラン	
厅	廳	ting1	cāntīng | kètīng	餐厅 | 客厅	レストラン | リビング	
活		huo2	shēnghuó	生活	生活	
调	調	tiao2	kōngtiáo	空调	エアコン	
积	積	ji1	jījí	积极	積極的	
修		xiu1	xiūlǐ	修理	修理	
景		jing3	fēngjǐng	风景	風景	
向		xiang4	fāngxiàng	方向	方向	
辛		xin1	xīnkǔle | bùxīnkǔ	辛苦了 | 不辛苦	お疲れさまでした | ご心配なく	
池		chi2	chítián máměi　(名前)	池田麻美	池田麻美(名前)	
田		tian2	chítián máměi　(名前)	池田麻美	池田麻美(名前)	
麻		ma2	máfan | chítián máměi　(名前)	麻烦 | 池田麻美	迷惑をかける | 池田麻美(名前)	
搅	攪	jiao3	dǎjiǎo | A: qǐng jìn B: dǎjiǎo le	打搅	邪魔する　お邪魔します	
结	結	jie2	jiéhūn	结婚	けっこん	
婚		hun1	jiéhūn	结婚	けっこん	
传	傳	chuan2	chuánzhēn	传真	ファックス	
农	農	nong2	nóngcūn	农村	のうそん	
村		cun1	nóngcūn | cūnzhǎng	农村 | 村长	のうそん | そんちょう	
银	銀	yin2	yínháng	银行	ぎんこう	
厨		chu2	chúfáng	厨房	台所	
童		tong2	értóng	儿童	児童	
流		liu2	liúxíng	流行	りゅうこう。はやり	
扶		fu2	fúshǒu	扶手	手すり	
愉		yu2	yúkuài	愉快	ゆかい	
原		yuan2	yuánliàng	原谅	許す	
谅	諒	liang4	yuánliàng	原谅	許す	
抱		bao4	bàoqiàn	抱歉	申し訳ございません	
歉		qian4	bàoqiàn	抱歉	申し訳ございません	
紧	緊	jin3	bú yào jǐn | jǐnzhāng	不要紧 | 紧张	大したことない。大丈夫 | きんちょうする	
烦	煩	fan2	máfan	麻烦	迷惑をかける。お手数をかける	
解		jie3	jiějué | lǐjiě	解决 | 理解	かいけつ | りかい	
决	決	jue2	jiějué	解决	かいけつ	
板	闆	ban3	lǎobǎn	老板	社長	
领	領	ling3	lǐngdài	领带	ネクタイ	
丽	麗	li4	měilì	美丽	きれいな	
属	屬	shu3	shǔ | nǐ (shì) shǔ shénme de	你(是)属什么的	あなたの干支は何ですか	
纪	紀	ji4	duōdà niánjì | shìjì	多大年纪 | 世纪	おいくつですか | 世紀	
数	數	shu4? shu3?	duōdà suìshu	多大岁数	おいくつですか	
草		cao3	cǎoméi	草莓	いちご	
莓		mei2	cǎoméi	草莓	いちご	
胡		hu2	húluóbo	胡萝卜	人参	
萝	蘿	luo2	húluóbo	胡萝卜	人参	
卜	蔔	bo	húluóbo	胡萝卜	人参	
淇		qi2	bīngqílín	冰淇淋	アイスクリーム	
淋		lin2	bīngqílín	冰淇淋	アイスクリーム	
兔		tu4	báitù	白兔	うさぎ	
猴		hou2	hóuzi	猴子	サル	
军	軍	jun1	xià jūn (名前)	夏军	夏(苗字) 軍(名前)	
先		xian1	xiānsheng	先生	ご主人。紳士	
泰		tai4	tàiguó	泰国	タイ	
宅		zhai2	zhùzhái	住宅	住宅	
幸		xing4	xìngfú	幸福	幸せ	
福		fu2	xìngfú | quánjiāfú	幸福 | 全家福	幸せ | 家族写真	
复	復	fu4	fùxí	复习	復習	
厕	厠	ce4	cèsuǒ	厕所	トイレ	
记	記	ji4	jìzhě	记者	きしゃ	
者		zhe3	jìzhě	记者	きしゃ	
邮	郵	you2	diànyóu | yóujú | yóupiào	电邮 | 邮局 | 邮票	Eメール｜郵便局｜切手	
坡		po1	xīnjiāpō	新加坡	シンガポール	
添		tian1	tiān máfan | gěi nǐ tiān máfan le	添麻烦 | 给你添麻烦了	迷惑をかける	
称	稱	cheng1	chēnghu	称呼 我什么称呼您？	何とお呼びすればいいですか	
呼		hu1	chēnghu	称呼 我什么称呼您？	何とお呼びすればいいですか	
翁		weng1	wēng xióng	翁雄	(名前)	
雄		xiong2	wēng xióng	翁雄	(名前)	
宏		hong2	chítián hóng	池田宏	(名前)	
精		jing1	jīngshén・jīngshen	精神	精神・元気	
神		shen2	jīngshén・jīngshen	精神	精神・元気	
姥		lao3	lǎoye | lǎolao	姥爷 | 姥姥	(祖父 | 祖母) (母方)	
凉	涼	liang2	liángkuai | chōngliáng	凉快 | 冲凉	涼しい | シャワーを浴びる	
邻	鄰	lin2	línju	邻居	隣、近所	
居		ju1	línju	邻居	隣、近所	
口		kou3	kěkǒukělè	可口可乐	コカコーラ	
汤	湯	tang1	tāng | tāng hěn hē	汤 | 汤很喝	スープ	
婆		po2	wǒ lǎopo	我老婆 【女】	女房	
岗	崗	gang3	xiàgǎng	下岗	リストラされる	
尊		zun1	zūnjìng	尊敬	尊敬	
敬		jing4	zūnjìng	尊敬	尊敬	
具		ju4	wénjù	文具	文房具	
成		cheng2	chéngjì	成绩	成績	
绩	績	ji4	chéngjì	成绩	成績	
充		chong1	chōngfèn	充分	十分	
主		zhu3	zhǔfù	主妇	主婦	
妇	婦	zhu3	zhǔfù	主妇	主婦	
祖		zu3	zǔfù	祖父	祖父	
聊		liao2	liáotiānr	聊天儿	おしゃべりする	
平		ping2	píngshí	平时	普段	
袜	襪	wa4	wàzi	袜子	靴下	
套		tao4	shǒutào	手套	手袋	
项	項	xiang4	xiàngliànr	项链儿	ネックレス	
链	鏈	lian4	xiàngliànr	项链儿	ネックレス	
环	環	huan2	ěrhuán	耳环	イヤリング	
脱		tuo1	tuō yīfu	脱 衣服	脱ぐ　服	
摘		zhai1	zhāi màozi|yǎnjìngr	摘 帽子|眼镜儿	外す　帽子｜眼鏡	
程		cheng2	(diànnǎo) gōngchéngshī	电脑工程师	(IT)エンジニア	
姑		gu1	gūniang	姑娘	お嬢さん	
娘		niang2	gūniang | xīnniáng	姑娘 | 新娘	お嬢さん | 花嫁さん	
退		tui4	tuìxiū	退休	定年退職	
庭		ting2	jiātíng	家庭	家庭	
历	曆	li4	rìlì	日历。日曆	カレンダー	
剧	劇	ju4	jīngjù	京剧。京劇	京劇	
济	濟	ji4	jīngjì	经济。經濟	けいざい	
妥		tuo3	tuǒxié	妥协。妥協	妥協	
协	協	xie2	tuǒxié	妥协。妥協	妥協	
拖		tuo1	tuōxié	拖鞋	スリッパ	
卧	臥	wo4	wòshì	卧室。臥室	ベッドルーム	
象		xiang4	dàxiàng	大象	象	
虎		hu3	lǎohǔ	老虎	トラ	
熊		xiong2	xióngmāo	熊猫。熊貓	パンダ	
鳄	鱷	e4	èyú	鳄鱼。鱷魚	ワニ	
鼠		shu3	dàishǔ | cāngshǔ	袋鼠 | 仓鼠	カンガルー | ハムスター	
颈	頸	jing3	chángjǐnglù	长颈鹿。長頸鹿	キリン	
鹿		lu4	chángjǐnglù	长颈鹿。長頸鹿	キリン	
狮	獅	shi1	shīzi	狮子。獅子	ライオン	
企		qi3	qǐ'é	企鹅。企鵝	ペンギン	
仓	倉	cang1	cāngshǔ	仓鼠。倉鼠	ハムスター	
养	養	yang3	yǎng | yǎng chǒngwù | méiyǒu yǎng chǒngwù	养 | 养宠物 | 没有养宠物	飼う	
宠	寵	chong3	chǒngwù	宠物。寵物	ペット	
类	類	lei4	rénlèi	人类。人類	じんるい	
寄		ji4	jìxìn	寄信	手紙を出す	
念		nian4	niàn | zhè ge zì zěnme niàn ？	念 | 这个字怎么念？	読む	
直		zhi2	yìzhí zhí(フォント注意) 	一直	真っ直ぐ	
吉		ji2	jítián (名前)	吉田 (名前)	吉田	
尔	爾	er3	dǎ gāoěrfū	打高尔夫	ゴルフ	
刘	劉	liu2	liú xiānsheng (名前)	刘先生。劉先生	劉 (名前)	
寓		yu4	gōngyù	公寓	マンション・アパート	
尼		ni2	yìndùníxīyà	印度尼西亚。印度尼西亞	インドネシア	
价	價	jia4	jiàqián	价钱。價錢	値段	
胜	勝	sheng4	shènglì	胜利。勝利	勝利	
限		xian4	qīxiàn	期限	きげん	
世		shi4	shìjì	世纪。世紀	せいき	
简	簡	jian3	jiǎndān	简单。簡單	かんたんな	
棒		bang4	bàngqiú	棒球	野球	
羽		yu3	yǔmáoqiú	羽毛球	バトミントン	
扑	撲	pu1	xiàngpū	相扑。相撲	相撲	
拳		quan2	tàijíquán	太极拳。太極拳	太極拳	
滑		hua2	huáxuě	滑雪	スキー	
椒		jiao1	làjiāo	辣椒	唐辛子	
螃		pang2	pángxiè	螃蟹	蟹	
蟹		xie4	pángxiè	螃蟹	蟹	
招		招	zhāopáicài	招牌菜	看板料理	
牌		牌	zhāopáicài	招牌菜	看板料理	
自		zi4	zìjǐ	自己	自分	
己		ji3	zìjǐ	自己	自分	
推		tui1	hǎotuījiàn	好推荐。好推薦	お勧め	
荐	薦	jian4	hǎotuījiàn	好推荐。好推薦	お勧め	
薯		shu3	shǔtiáo	薯条。薯條	ポテトフライ	
醉		zui4	zuìxiā	醉虾。醉蝦	酒で料理したエビ	
虾	蝦	xia1	zuìxiā	醉虾。醉蝦	酒で料理したエビ	
柠	檸	ning2	níngméng chá	柠檬茶。檸檬茶	レモンティー	
檬		meng2	níngméng chá	柠檬茶。檸檬茶	レモンティー	
联	聯	lian2	liánluò	联络。聯絡	連絡する	
络	絡	luo4	liánluò	联络。聯絡	連絡する	
茉		mo4	mòlìhuā chá	茉莉花茶	ジャスミン茶	
莉		li4	mòlìhuā chá	茉莉花茶	ジャスミン茶	
罐		guan4	yíguàn	一罐	一缶	
份		fen4	yífèn	一份	1人分	
碟		die2	yìdié	一碟	小皿１つ	
净		jing4	gānjing	干净	綺麗。清潔	
全		quan2	ānquán	安全	安全	
暖		nuan3	nuǎnhuo	暖和	暖かい	
刺		ci4	cìji	刺激	しげき	
激		ji1	cìji	刺激	しげき	
式		shi4	zhèngshì	正式	しょうじき	
蜂		feng1	fēngmì	蜂蜜	はちみつ	
蜜		mi4	fēngmì	蜂蜜	はちみつ	
斯		si1	sīlǐlánkǎ	斯里兰卡。斯里蘭卡	スリランカ	
兰	蘭	lan2	sīlǐlánkǎ	斯里兰卡。斯里蘭卡	スリランカ	
菲		fei1	fēilǜbīn	菲律宾。菲律賓	フィリピン	
律		lv4	fēilǜbīn	菲律宾。菲律賓	フィリピン	
宾	賓	bin1	fēilǜbīn	菲律宾。菲律賓	フィリピン	
普		pu3	pǔjídǎo (phuket 泰国) | pǔtōnghuà	普吉岛。普吉島 | 普通话	プーケット | マンダリン	
岛	島	dao3	pǔjídǎo (phuket 泰国)	普吉岛。普吉島	プーケット	
柬		jian3	jiǎnpǔzhài	柬埔寨	カンボジア	
埔		pu3	jiǎnpǔzhài	柬埔寨	カンボジア	
寨		zhai4	jiǎnpǔzhài	柬埔寨	カンボジア	
吴	吳	wu2	wúgēkū (Angkor Wat寺院Cambodge)	吴哥窟。吳哥窟	アンコールワット	
窟		ku1	wúgēkū (Angkor Wat寺院Cambodge)	吴哥窟。吳哥窟	アンコールワット	
沙		sha1	shālā	沙拉	サラダ	
冲	衝	chong1	chōngliáng	冲凉。衝涼	シャワーを浴びる	
业	業	ye4	zuò zuòyè	做作业。做作業	宿題をする	
忘		wang4	wàngle	忘了	忘れた	