 단어	의미 일본어	예	예 일본어	한자
@ 1-1				
안녕하세요	こんにちは			安寧하세요
저	私			
~입니다	～です			
~입니까?	～ですか			
(이)라고 합니다	～と申します			
일본 사람	日本人			日本사람
앞으로	これから			
잘 부탁합니다	よろしくお願いします			잘 付託합니다
만나서 반갑습니다	お会いできて嬉しいです			
회사원	会社員			會社員
네	はい			
한국	韓国			韓國
처음	初めて			
주부	主婦			主婦
교사	教師			敎師
서울	ソウル			
도쿄 동경	東京(동경とも言う)			
학생	学生			學生
@ 1-2				
이 그 저	こ・そ・あ			
그렇습니다	そうです			
그렇습니까?	そうですか			
~이/가 아닙니다	～ではありません			
몽골	モンゴル			
그럼	では			
스모 선수	相撲選手			스모選手
어느 나라	どの国			
글쎄요	そうですね			
대학생	大学生			大學生
재일 교포	在日韓国人			在日僑胞
중국 사람	中国人			中國사람
영화 배우	映画俳優・女優			映畫俳優
미국	アメリカ			美國
영국	イギリス			英國
대만	台湾			臺灣
공무원	公務員			公務員
이름	名前			
무엇	何			
요코즈나	横砂　よこずな			
약사	薬剤師			藥師
의사	医者			醫師
간호사	看護師			看護師
비서	秘書			祕書
개그맨	お笑いタレント			
스포츠 선수	スポーツ選手			스포츠選手
아나운서	アナウンサー			
고등학생	高校生			高等學生
유학생	留学生			留學生
@ 1-3				
그건 그것은	それは			
뭐예요?	何ですか			
오이	胡瓜			
(이그저) 것이 > 게	(こそあ)れが			
~도	～も			
나물	ナムル　(料理)			
맛	味			
맛있다	美味しい			
어때요?	どうですか			
지도	地図			地圖
술	お酒			
사진	写真			寫眞
컴퓨터	コンピューター			
시계	時計			時計
책상	机			冊床
의자	椅子			
책장	本棚			冊欌
잡지	雑誌			雜誌
가방	鞄			
책	本			冊
침대	ベッド			寢臺
달력	カレンダー			달曆
창문	窓			窓門
에어컨	エアコン			
테이블	テーブル			
소파	ソファ			
옷장	箪笥			옷欌
쓰레기통	ゴミ箱			쓰레기桶
문	ドア			門
@ 1-4				
약속	約束			約束
종로 [종노]	(地名)鐘路(ソウルの繁華街)			鍾路/鐘路
수업	授業			授業
누나 언니	姉(男・女から)			
형 오빠	兄(男・女から)			兄
볼펜	ボールペン			
사전	辞書			辭典
회의	会議			會議
백화점	デパート			百貨店
커피숍	カフェ			
식당	食堂			食堂
애인	恋人			愛人
할아버지 할머니	祖父　祖母			
아버지 어머니	父　母			
남편 아내	夫　妻			男便
아들 딸	息子　娘			
지하철역	地下鉄の駅			地下鐵驛
버스 정류장	バス停			bus停留場
공항	空港			空港
우체국	郵便局			郵遞局
은행	銀行			銀行
PC방	ネットカフェ			PC房
호텔	ホテル			
노래방	カラオケボックス			노래房
편의점	コンビニ			便宜店
@ 1-5				
강남	江南(Gangnam)			江南
근처	近く			近處
재미있다	面白い			
모자	帽子			帽子
핸드폰	携帯電話			
지갑	財布			紙匣
우산	傘			雨傘
화장실	トイレ			化粧室
공원	公園			公園
위	上			
밑 / 아래	下			
옆	横			
앞	前			
뒤	後ろ			
안	中			
밖	外			
오른쪽	右			
왼쪽	左			
맞은편	向こう側			맞은便
아무것도 없다	何もない			
아무도 없다	誰もいない			
@ 1-6				
주말	週末			週末
보통	普通			普通
그리고	そして			
가끔	たまに			
~요?	〜さんは？　誰とですか？　～呢？	~씨는요? 누구하고요?		
청소	掃除			淸掃
수영	水泳			水泳
~에는	〜には、〜へは			
혼자	一人で			
술	お酒			
밥	ご飯			
음악	音楽			音樂
영화	映画			映畫
인터넷	インターネット			
스포츠센터	スポーツセンター			
빨래	洗濯			
에어로빅	エアロビクス			
주로	主に			主로
같이	一緒に			
운동하다	運動する	운동해		運動
(음악을)듣다	(音楽を)聴く	들어		
읽다	読む	읽어		
먹다	食べる	먹어		
마시다	飲む	마셔		
자다	寝る	자		
가다	行く	가		
오다	来る	와		
보다	見る	봐		
만나다	会う	만나		
사다	買う	사		
살다	住む	살아		
말하다	言う	말해		
묻다	尋ねる	물어??		
알다	知る	알아		
모르다	知らない	몰라		
만들다	作る	만들어		
쉬다	休む	쉬어		
쓰다	書く	써		
다니다	通う	다녀		
공부하다	勉強する	공부해		工夫
일하다	働く	일해		
좋아하다	好む	좋아해		
결혼하다	結婚する	결혼해		結婚
사랑하다	愛する	사랑해		
바쁘다	忙しい	바빠		
좋다	良い	좋아		
멀다	遠い	멀어		
타다	乗る	타		
@ 1-7				
~부터 ~까지	～から～まで　(時間)			
~에서 ~까지	～から～まで　(場所)			
명동	ソウルのMyeong-dong			
그렇게	そんなに			
쇼핑	ショッピング			
별로	あまり、別に			別로
외식하다	外食する			外食
아침 식사	朝食			食事
저녁	夕方			
자주	しょっちゅう			
모레	明後日			
이번 주	今週			이番 週
음식	食べ物、飲食、料理			飮食
맵다	辛い			
안 ~ / ~ 지 않습니다	(否定文)			
좋다 <> 나쁘다	良い <> 悪い	좋아 <> 나빠		
크다 <> 작다	大きい <> 小さい	커 <> 작아		
많다 <> 적다	多い <> 少ない	많아 <> 적어		
싸다 <> 비싸다	安い <> 高い	싸 <> 비싸		
덥다 <> 춥다	暑い <> 寒い	더워 <> 추워		
재미있다 <> 재미없다	面白い <> 面白くない	~있어 <> ~없어		
맛있다 <> 맛없다	美味しい <> まずい	~있어 <> ~없어		
멀다 <> 가깝다	遠い <> 近い	멀어 <> 가까워		
무겁다 <> 가볍다	重い <> 軽い	모거워 <> 가벼워		
높다 <> 낮다	高い <> 低い	높아 <> 낮아		
길다 <> 짧다	長い <> 短い	길어 <> 짧아		
어렵다 <> 쉽다	難しい <> 易しい	어려워 <> 쉬워		
@ 1-8				
언제	いつ			
비행기	飛行機			飛行機
값	値段			
얼마예요?	いくらですか			
왕복으로 <> 편도	往復で <> 片道			往復 <> 片道
기념일 결혼~ 창립~	記念日　結婚~ 創立~			
시험	試験			試驗
어린이날	子供の日			
크리스마스	クリスマス			
치마	スカート			
바지	ズボン			
목걸이	ネックレス			
전철비	電車代			電鐵費
택시	タクシー			
기본요금	初乗り料金			基本料金
김치찌개	キムチ鍋			
날씨	天気			
예쁘다	綺麗だ、かわいい	예뻐		
발음	発音			發音
머리	髪の毛			
잘하다	上手だ			
전화번호	電話番号			電話番號
도착	到着			到着
무슨 요일	何曜日			曜日
십육 (심뉵)	(注! 발음) 16 (26, 36 etc.)			
공 / 영	ゼロ			空
몇 월 (며둴)	(注! 발음) 何月			몇月
유월 시월	(注!) 6月、10月			
지난달	先月			
이번 달	今月			이番 달
다음 달	来月			
~층	〜階			層
~분	〜分			分
공구공의[에] 육팔삼이의[에] 일구구사	090-6832-1994			
-네요	〜ですね、〜ますね (!ㄹ脱落)			
@ 1-9				
어떻게	どうやって			
부산	釜山　(地名)			釜山
그래요?	そうですか？			
회	刺身			膾
유명하다	有名だ			有名
어때요?	どうですか			
~보다	～より(比較)			
따뜻하다	暖かい			
그런데	ところで　(話題を変える時)			
기차	汽車、列車			汽車
~(으)로	～で　(手段)			
자전거	自転車			自轉車
젓가락	箸			
이메일	Eメール			
보내다	送る			
손	手			
이야기하다	話す			
안내하다	案内する			案內하다
고향	故郷			故鄕
교통	交通			交通
편리하다	便利だ			便利하다
~의[에]	～の　(所有、所属)			
서다	立つ	서요		
배우다	習う	배워요		
기다리다	待つ	기다려요		
되다	なる	돼요		
내다	出す	내요		
건너다	渡る	건너요		
이다?	ある、いる	예요 / 이에요		
~비	～費			～費
배	船			
좌석버스	座席バス			座席bus
시외버스	市外バス			市外bus
모범택시	規範タクシー			模範taxi
신칸센	新幹線			
@ 1-10				
일주일에	1週間に	일주일에 몇 번 	1週間に何回	一週日
몇 번	何回			番
피곤하다	疲れる			疲困하다
전혀	全く(否定文)			全혀
오전	午前			午前
오후	午後			午後
일어나다	起きる			
점심시간	昼休み			點心時間
퇴근하다	退社(退勤)			退勤하다
저녁식사	夕食			저녁食事
텔레비전	テレビ			
샤워	シャワー			
가족	家族			家族
생맥주	生ビール			生麥酒
숟가락	スプーン			
강아지	子犬			
고양이	猫			
매주	毎週			每週
거래처	取引先			去來處
영화관	映画館			映畫館
끝나다	終わる			
하나 한~	１つ			
둘 두~	２つ			
셋 세~	３つ			
넷 네~	４つ			
다섯	５つ			
여섯	６つ			
일곱	７つ			
여덟	８つ			
아홉	９つ			
열	１０			
스물 스무	２０			
서른	３０			
마흔	４０			
쉰	５０			
예순	６０			
일흔	７０			
여든	８０			
아흔	９０			
~분 전 	〜分前			
새벽	深夜(12時から朝まで)、夜中			
아침 점심 저녁	朝、昼、夕方			
낮	昼			
밤	夜、晩			
~ 살	歳			
~ 명 / 사람 / 분	〜人(x3) (量詞)			名
~ 개	〜個			個/箇/介
~ 대	〜台			臺
~ 장	〜枚			張
~ 마리	〜匹			
~ 잔	〜杯			盞
~ 병	〜本 / ～瓶			甁
~ 권	〜冊			卷
아이	子供			
@ 1-11				
학원	学院、塾、語学教室			學院
얼마나	どれぐらい			
한~	約〜	한1년 정도	約1年ほど	
정도	程度、〜くらい	한1년 정도	約1年ほど	程度
아직	まだ			
아직 멀었어요	まだまだです(まだ遠い)			
초	初			初
가을	秋			
여름	夏			
아주	とても			
친절하다	親切だ			親切하다
주문하다	注文する			注文하다
아주머니	おばさん			
서비스	サービス			
수정과	干し柿とシナモンの味がする伝統茶			水正果
주다	くれる			
시장	市場			市場
물건	品物			物件
빨랐습니다	速かったです			
취직하다	就職する			就職하다
수도	首都			首都
그저께(그제) - 어제	おととい・昨日			
오늘	今日			
내일 - 모레	明日・明後日			來日
지지난주 - 지난주	先々週・先週			지지난週 - 지난週
이번 주	今週			이番 週
다음 주 - 다다음 주	来週・再来週			다음 週 - 다다음 週
지지난 달 - 지난달	先々月・先月			
이번 달	今月			이番 달
다음 달 - 다다음 달	来月・再来月			
재작년 - 작년	一昨年・去年			再昨年 - 昨年
올해	今年			
내년 - 내후년	来年・再来年			來年 - 來後年
~이었어요 / ~였어요 | ~이/가 아니다 -> 아니었어요	〜でした・〜ませんでした			
@ 1-12				
성함	お名前(이름)の敬語表現			姓銜
나이	年齢			
보이다	見える	보여요		
젊어 보여요	若く見える			
신문	新聞			新聞
가르치다	教える			
선물	プレゼント			膳物
아는 사람이다	知り合い			
형제	兄弟			兄弟
주소	住所			住所
고등학교	高校			高等學校
현재	現在			現在
신촌 (地名)	新村(地名)			新村
일찍	早く			
체크하다	チェックする			
돌아가다	帰っていく。帰る			
뉴스	ニュース			
골프를 치다	ゴルフをする			
먼저	先に			
가세요•읽으세요•아세요	(敬語) 가다 •읽다•알다			
드시다: 드십니다 드십니까 드세요	(敬語) 먹다•마시다　召し上がる			
계시다: 계십니다 계십니까 계세요	(敬語) 있다　いらっしゃる			
주무시다: 주무십니다 주무십니까 주무세요	(敬語) 자다　お休みになる			
돌아가시다: 돌아가십니다 돌아가세요	(敬語) 死ぬ　亡くなる			
죽다	死ぬ			
돌아가셨습니다	亡くなりました			
-(이)십니다 • -(이)세요	(敬語) 이다	교사십니까? | 한국 분이세요?		
께서는 • 께서	(敬語) -은/는 • -이/가			
-께	(敬語) -에게	할머니께 선물을 보내다		
-에게	(人)に[ex: 何かをあげる]			
-에게(서)	(人)から			
괜찮다	大丈夫だ			
외우다	覚える			
[성함・나이・가족] ~이/가 어떻게 되세요?	[お名前は・おいくつですか・ご家族は]			
@ 1-13				
(으)세요 • (으)십시오	(命令・挨拶)			
사진을 찍다	写真を撮る			寫眞
어서 오세요•어서 오십시오	いらっしゃいませ			
안녕히 가세요•안녕히 가십시오	さようなら			安寧
앉다	座る			
칠판	黒板			漆板
휴가	休暇			休暇
잘 보내셨어요?	よく過ごされましたか			
오래간만에 • 오랜만에	久しぶりに(x2)			
갔다 오다	行ってくる			
어땠어요	どうでしたか			
다녀오시다	行っていらっしゃいます			
이탈리아	イタリア			
건물	建物			建物
멋있다	素敵、カッコいい？			
벌써	もう、既に			
갈비	カルビ			
가장	最も、一番			
~ 에 대하여	〜について			對하다???
그만두다	辞める			
~ 동안	〜間			
~ 한테 • ~ 한테(서)	人に・人から			
신혼여행	新婚旅行			新婚旅行
3박4일간	3泊4日間			3泊4日間
요즘	最近			
빵	パン			
하숙집	下宿			下宿집
@ 1-14				
호주	オーストラリア			
비슷하다	似ている			
다르다	違う	달라		
습관	習慣			習慣
밥그릇	茶碗、ご飯を入れる容器			
~를 들고 먹다	(手に)持って食べる			
안 그래요	そうじゃないです			
국수	そば			
소리를 내다	啜る、音を出して食べる			
실례	失礼			失禮
자동차	自動車			自動車
운전석	運転席			運轉席
숙제	宿題			宿題
야채	野菜			野菜
고기	肉			
습기	湿気			濕氣
온돌	オンドル			
다다미	畳			
겨울	冬			
@ 1-15				
~고 싶다	〜したい			
~고 싶어 하다	(第3者)〜したがっている			
우선	まず、とりあえず			于先
온천	温泉			溫泉
애니메이션	アニメ			
감독	監督			監督
작품	作品			作品
인기가 있다	人気がある			人氣
사귀다	付き合う、交際			
~을/를 갖고 싶다 --> 갖다	欲しい --> 持つ、所有する			
여기저기	あっちこっち			
구경하다	見物する			
졸업 후	卒業後			卒業 後
여름방학	(学校の)夏休み			여름放學
바로	すぐ			
댄스	ダンス			
@ 1-16				
돈	お金			
쓰다	使う	돈을 쓰다	お金を使う	
있어서요 (있어서+요)	あるからです			
어버이날	父と母の日			
스승의날	先生の日			
부모님	両親			父母님
드리다	差し上げる			
있잖아요	えーと、あのですね			
키가 크다/작다	背が高い/低い			
아프다	痛い			
늦다	遅れる、遅い			
쉬는 날	休みの日			
배가 고프다	お腹が空く			
울다	泣く			
바겐세일	バーゲンセール			
늦잠을 자다	朝寝坊する			
지각하다	遅刻する			遲刻하다
바람이 불다	風が吹く			
또	又、更に、もう一度	너무 맛있어서 또 먹었어요		
장마	梅雨			
무덥다	蒸し暑い			
~여서 / ~이어서	~아/어서 (명사)			
슬프다	悲しい			
@ 1-17				
결혼식	結婚式			結婚式
저•••	あの・・・			
입고 가다	着て行く			
기모노	着物			
그럼요	もちろん			
한복	韓服			韓服
웃다	笑う			
길	道			
건너다	渡る			
주차하다	駐車する			駐車하다
담배를 피우다	タバコを吸う			
자전거를 세우다	自転車を止める			自轉車
찾다	探す、見つける			
잡채	(料理名)チャプチェ			雜菜
약국	薬局			藥局
사전	辞書、辞典			辭典
도로	道路			道路
노약자석	優先席			老弱者席
-아/어도 돼요 ?	〜してもいいですか			
-(으)면 안 돼요	〜してはいけない			
-(으)면 돼요 ?	〜すればいいですか			
-(으)면	仮定・条件 : 〜ば、〜たら			
@ 1-18				
~(이)라도	〜でも(誘い)	식사라도 같이 할까요?	食事でも一緒にしましょうか	
이따가	あとで(当日中)			
나중에	あとで(翌日以後を指す場合にも使える)			
컵	コップ			
레스토랑	レストラン			
놀다	遊ぶ			
시작하다	始める			始作하다
프로야구	プロ野球			professional野球
도쿄 돔	東京ドーム			
장소	場所			場所
극장	劇場			劇場
디너	ディナー			
뷔페	バイキング、ビュッフェ			
호텔	ホテル			
문화회관	文化会館			文化會館
발레	バレー			
(으)ㄹ까요?	〜しましょうか	만들다 : 만들까요?		
(으)ㅂ시다	〜しましょう(目上の人に失礼)	만들다 : 만듭시다		
(으)러	V しに V	놀다 : 놀러		
카레	カレー			
서류	書類			書類
받다	もらう			
불고기	プルゴギ			
빌리다	借りる			
편지	手紙			便紙/片紙
~ 대 ~	～対～			對
@ 1-19				
벚꽃	桜の花			
꽃구경	花見			
봄	春			
같네요	同じですね			
죄송합니다만	すみませんが、			罪悚하다
한 장	一枚			張
더	もっと	한 장 더 찍어 주세요	もう一枚撮ってください	
눈을 감다	目をつぶる			
치우다	片付ける			
바꾸다	換える、変える			
창문을 열다/닫다	窓を　開ける/閉める			窓門
천천히	ゆっくり			
팬	ファン			
사인	サイン			
관광지	観光地			觀光地
교실	教室			敎室
~ㄹ 때	～する時			
통역하다	通訳する			通譯하다
포장하다	包む			包裝하다
손님	お客さん			
점원	店員			店員
갖다 주다	持ってきてくれる			
프로포즈	プロポーズ			
환자	患者			患者
직원	職員			職員
도장을 찍다	判子を押す			圖章을 찍다
@ 1-20				
생활	生活			生活
연습하다	練習する			演習하다
다	みんな、全部			
거의	ほとんど			
어릴 때	幼い時、小さい時			
물론	もちろん			勿論
출퇴근	出社・退社。通勤			出退勤
운전하다	運転する			運轉하다
스키를 타다	スキーをする			
피아노를 치다	ピアノを弾く			
매운 것	辛いもの			
다니다	通う			
스타벅스	スターバックス			
금연	禁煙			禁煙
샴푸	シャンプー			
비누	石鹸			
사용	使用			使用
금지	禁止			禁止
박물관	博物館			博物館
들어가다	入っていく、入る			
소주	焼酎			燒酒
맥주	ビール			麥酒
짜다	塩辛い			
@ 2-1				
상추	サンチュ(レタスみたいな)			
~에 싸다	包む	~에 싸서 먹어요	包んで食べる	
회	刺身			膾
-	그럼요 [그럼뇨]			
몸에 좋다/나쁘다	体に良い/悪い			
간장	醤油			간醬
찍다	つける	간장에 찍어서 먹다	醤油につけて食べる	
같다	同じだ			
같아도	同じでも			
먹는 방법	食べ方			먹는 方法
다르다	違う、異なる			
옆집	隣の家			
곳	ところ、場所			
취미	趣味			趣味
서점	書店			書店
나오다	出る			
갈아타다	乗り換える			
특별히	特別に			特別히
인기가 많다 / 인기가 높다	人気が高い			人氣
비비다	まぜる			
회덮밥	海鮮丼			
-덮밥	〜丼			
카레라이스	カレーライス			
수박	西瓜			
소금	塩			
보는~ 듣는~ 사는~	-는 + (명사) [例: 보다 듣다 살다]			
부르다	歌う			
@ 2-2				
경치	景色			景致
아름답다	美しい			
친절하다	親切だ			親切하다
드라마	ドラマ			
촬영하다	撮影する			撮影하다
연극	演劇			演劇
전통차	伝統茶			傳統
단어	単語			單語
가격	価額	가격을 깎다	値切る	價格
깎다	切る、削る			
유람선	遊覧船			遊覽船
야경	夜景			夜景
여의도(地名)	汝矣鳥 (地名)			汝矣島
인사동(地名)	仁寺洞(地名)			仁寺洞
도자기	陶磁器			陶瓷器
대학로[대항노](地名)	大学路 (地名)			大學路
본~ 읽은~ 만든~	(으)ㄴ + (명사) [例: 보다 읽다 만들다]			
한국에 가 본 적이 없다	(으)ㄴ 적이 있다/업다 // V + 본 적이 있다			
@ 2-3				
몇 학년	何年生			學年
계획	計画			計劃/計畫
계속	ずっと、つづけて	계속 자다	ずっと寝る	繼續
생각 / ㄹ 생각이다	考え / 〜するつもり 			
모르겠어요	わかりません、知りません			
예정	予定			豫定
우선	とりあえず			于先
냉장고	冷蔵庫			冷藏庫
반찬	おかず			飯饌
동남아시아	東南アジア			東南아시아
내용	内容			內容
떠나다	去る、出発			
준비	準備			準備
연휴[여뉴]	連休			連休
시골	田舎			
돈을 모으다 (모아요)	お金を貯める			
소설	小説			小說
태국	タイ			泰國
방학	学校の(夏か冬)休み			放學
사업	事業			事業
세계 여행	世界旅行			世界
생활	生活			生活
이상 <> 이하	以上、以下			以上 <> 以下
근무하다	勤務する			勤務하다
나이가 들다	歳をとる			
할~ 먹을~ 만들~	(으)ㄹ + (명사) [例: 하다 먹다 만들다] 〜する予定の名詞		〜する予定	
(으)ㄹ 거예요　ㄹ겁니다 ㄹ 거야	〜するつもり、〜する予定。三人称は(推測)〜すると思う、〜するでしょう			
@ 2-4				
친하다	親しい			親하다
날씬하다	スリムだ			
잘생기다 <> 못생기다	ハンサム <> 不細工			
얼굴	顔			
성격	性格			性格
소개하다	紹介する			紹介하다
인구	人口			人口
양	量			量
거리	距離			距離
시원하다	涼しい			
싫다	いやだ			
경주	慶州 (地名)			慶州
이상하다	変だ　(異常)			異常하다
활발하다	活発だ。朗らかだ			活潑하다
조용하다	静かだ			
성실하다	誠実だ。まじめだ			誠實하다
타입	タイプ			
뚱뚱하다 <> 마르다	太っている <> 痩せている、(体型が)細い			
간단하다	簡単だ			簡單하다
A (으)ㄴ~ | N인~	形容詞/名詞の現在連体形	수도인 서울	首都であるソウル	
@ 2-5				
따르릉 따르릉	ちりりん			
갑자기	突然、いきなり、急に			
웬일이세요? 웬일이에요?	どうなさったのですか			
다름이 아니라 ~	実は～ (本題に入る前によく使われる前置き表現)　[ほかではないんですが]			
한 가지 | 한두 가지 | 여러 가지	一つ (種類を数える) | 1，2種類 | いろいろ			
부탁을 드리다 / 부탁을 하다	お願いをする			
뭔데요?	なんですか？			
예약	予約			豫約
알겠어요	分かりました			
~중 | 수업 중	～中。授業中			授業中
꽤	かなり、相当			
혹시	もしかして			或是
올봄 올여름 올가을 올겨울 [올려름]	今年の春、夏、秋、冬			
어느 날	ある日			
걸어가다	歩いて行く			
치과	歯科			齒科
간판	看板			看板
경험	経験			經驗
데	ところ	다른 데 갈까요?	違うところ(お店)に行きましょうか	
얘기하다	話をする			
신발	靴			
휴일	休日			休日
잠시	少々	잠시 기다리세요	少々を待ちください	暫時
잠깐	少し	잠깐 자리 비우셨는데요	少し席を外しておりますが	
자리	場、場所	잠깐 자리 비우셨는데요	少し席を外しておりますが	
비우다	空ける、外す	잠깐 자리 비우셨는데요	少し席を外しておりますが	
(으)ㄴ/는데  A(으)ㄴ데 | V는데 | A/V았었는데	前置き: ～するのですが、～するのに (動詞、形容詞)			
(으)ㄴ/는데  N인데 / N이었/았는데	前置き: ～のですが、～なのに (名詞)			
@ 2-6				
단골	行きつけの店			
해물탕	海鮮チゲ			海物湯
시키다	注文する			
뜨겁다	熱い			
조심하다	気を付ける			操心하다
시원하다	さっぱり、すっきり。スープなどが体にしみる感じがするとき使える			
돕다 ! 도와요	手伝う、助ける			
귀엽다	可愛い			
고맙다	ありがたい			
삼겹살	豚の三枚肉			三겹살
이사하다	引っ越す			移徙하다
위험하다	危ない。危険だ			危險하다
이쪽 여쪽	こちら　あちら			
의미	意味			意味
그 밖에도	その他にも			
예를 들면	例えば、例をあげると			例
목욕하다	入浴する			沐浴하다
마사지를 받다	マッサージをしてもらう			
된장찌개	味噌チゲ			된醬찌개
곱다 ! 고와요	綺麗だ			
좁다 ! 좁아요 / 입다 ! 입어요	ㅂ例外: 狭い / 着る			
(으)니까 ~	理由: ～から、～ので。文の後ろに: 相手に指示したり勧誘するなど、行動を促す			
흐리다	曇る			
맑다	晴れる			
쌀쌀하다	肌寒い			
후덥지근하다	蒸し暑い			
눈이 오다	雪が降る			
바람이 불다	風が吹く			
안개가 끼다	霧が立ち込める			
태풍이 오다	台風が来る			颱風
천둥이/번개가 치다	雷が鳴る (x2)			
지진이 나다	地震が起きる			地震
홍수	洪水			洪水
영상 <> 영하	0°C以上 / 0°C以下			零上 / 零下
@ 2-7				
냄새가 나다	匂いがする			
제일	最も、一番			第一
받침	パッチム			
변하다	変わる			變하다
늘다	上達する、伸びる			
疑問詞+(이)든지	〜でも、誰でも、いつでも、何でも、どこでも	누구든지 • 언제든지 • 뭐든지/무엇이든지 • 어디든지		
클래식	クラシック			
레포트	レポート			
묻다 물어	尋ねる、問う			
걷다 걸어	歩く			
싣다 실어	積む、乗せる			
받다 받아	もらう、受ける			
믿다 믿어	信じる			
닫다 닫아	閉める			
일찍	早く			
지키다	守る			
킬로미터씩	キロメーターずつ			
짐	荷物			
감기에 걸리다	風邪をひく、にかかる			感氣에
숙제를 내다	宿題を出す			宿題
-아/어야 되다	〜しなければならない			
@ 2-8				
낫다 나아	治る			
아직이요	まだです			
주사(를) 맞다	注射をしてもらう			注射(를) 맞다
독감	インフルエンザ			毒感
혼나다 혼났어요	とても大変でした			魂나다
끝내다	終える			
짓다 지어	建てる、作る			
붓다 부어	腫れる、注ぐ			
긋다 그어	(線を)引く			
젓다 저어	かき混ぜる			
벗다 벗어	脱ぐ			
씻다 씻어	洗う			
교통사고	交通事故			交通事故
길이 막히다	道が混む			
몸이 안 좋다	具合が悪い			
이틀	二日間			
컵라면 [컴나면]	カップラーメン			
선	線			
시끄럽다	うるさい			
힘들다	大変だ			
목소리가 나오다	声が出る			
약을 먹다	薬を飲む			藥을 먹다
생강차	しょうが茶			生薑차
~때문에	(名詞)+〜のため、〜のせいで	비 때문에 못 갔어요		
~기 때문에	(動詞、形容詞)+〜のため、〜のせいで	어제는 비가 왔기 때문에 추웠습니다		
~에 걸리다	かかる			
감기가 들다	風邪を引く			感氣가 들다
콧물이 나다	鼻水が出る			
기침이 나다	咳が出る			
열이 나다	熱が出る			熱이 나다
열이 많다	熱が高い			熱이 많다
피가 나다	血が出る			
상처가 나다	怪我をする、傷ができる			傷處가 나다
다리를 삐다	足を捻挫する			
파스	湿布			Pasta
알약	錠剤			알藥
소화제	胃薬			消化劑
가루약	粉薬			가루藥
소독약	消毒薬			消毒藥
물약	シロップ薬			물藥
약을 짓다	薬を調剤してもらう			藥을 짓다
@ 2-9				
혈액형	血液型			血液型
꼼꼼하다	几帳面			
사교적	社交的			社交的
긴팔 (옷) / 반팔	長袖、半袖			半팔
자르다	切る			
기르다	飼う			
고르다	選ぶ			
서두르다	急ぐ			
오르다	上がる			
누르다	押す			
목이 마르다	喉が乾く			
급하다	急いでいる			急하다
배가 부르다	満腹			
물가 [물까]	物価			物價
걱정이다	心配だ			
양보를 하다	譲る			讓步
어순	語順			語順
이불	布団			
어젯밤	昨夜			
-에 따라서	〜によって			
정리	整理			整理
예술가	芸術家			藝術家
맞다	合う			
따르다 따라요	注ぐ			
가지다	持つ			
빠르다	速い			
~잖아요	～するじゃないですか			
@ 2-10				
셔츠	シャツ			
색깔	色			色깔
어울리다	似合う			
생각보다	思ったより			
별로인데	いまいちですが。気に入らない時や断る時使う			別로
이렇다 그렇다 저렇다	こうだ、そうだ、ああだ			
어떻다	どうだ			
놓다	置く			
쓰다 (모자, 우산, 안경)	(帽子)かぶる、(傘)指す、(眼鏡)かける			
모자	帽子			帽子
입술	唇			
대부분	ほとんど			大部分
양산	日傘			陽傘
반지	指輪			半指/斑指
그렇고 그러면 그래요 / 하얗고 하야면 하얘요	ㅎ不規則活用 그렇다 하얗다			
-아/어 보다	〜してみる			
바지	ズボン			
치마	スカート			
원피스	ワンピース			
무지개	虹			
까맣다 까만색	黒い			
하얗다	白い			
7색 : 빨 주 노 초 파 남 보	7色			
빨갛다 빨간색 (빨강)	赤色			
주황색	オレンジ色			朱黃色
노란색 (노랑)	黄色			
초록색	緑色			草綠色
파랗다 파란색 (파랑)	青色			
남색	紺色			藍色
보라색	紫色			
연두색	薄緑色			軟豆色
하늘색	水色			
분홍색	ピンク色			粉紅色
베이지색	ベージュ色			
핑크색	ピンク色			
오렌지색	オレンジ色			
회색	グレー			灰色
넥타이를 매다	ネクタイをV			
장갑	手袋			掌匣/掌甲
고무장갑	ゴム手袋			고무掌匣/掌甲
끼다 (반지,장갑)	つける？(指輪、手袋)			
구두	靴(仕事用みたいな)			
양말	靴下			洋襪/洋韈
운동화	運動靴			運動靴
신다 (구두,양말,운동화)	履く(靴、靴下)			
안경	眼鏡			眼鏡
잠바	ジャンパー			
@ 2-11				
여러 가지로	いろいろと			
덕분에	お陰様で			德分
추억	思い出			追憶
또	また			
꼭	ぜひ、必ず			
답장	(手紙やメールの)返事			答狀
대답	(口頭の)返事			對答
건강하세요 | 건강	お元気で | 健康			健康
올림	手紙の最後の「(名前)より」。(目上の人に)			
알았어요	わかりました			
끊다	止める、やめる？	담배를 끊다	煙草をやめる	
점심	昼食			點心
줄이다	減らす	술을 줄이다		
짐을 들다	荷物を持つ			
어떡해요	どうすればいいですかね。瞬間戸惑う時使う表現			
(전철이) 멈추다	(電車が)停まる			
쓰레기	ゴミ			
버리다	捨てる			
늦게	遅く			
달다	甘い			
팔다	売る			
트렁크	トランク、旅行用カバン			
할인하다	割引をする			割引하다
초대하다	招待する			招待하다
-(으)ㄹ게요	[話し言葉]一人称の(意志、約束、決意)			
머세요 멀면 머네요	ㄹ不規則活用 멀다 (~세요 ~면 ~네요)			
들다	持ち上げる			
졸다	居眠りする			
풀다	解く			
날다	飛ぶ			
덜다	〈量〉減らす			
@ 2-12				
줄	列。[並ぶ]	줄을 서다		
서다	立つ。[並ぶ]	줄을 서다		
쓰여 있다 (쓰이다) | (話し言葉) 써 있다	書いてある			
쓰이다	書かれる			
사인회	サイン会			사인會
가 계세요	行っていてください			
그러세요	そうしてください			
밭	畑			
잔디밭	芝生			
평일	平日			平日
놓이다	置かれる			
떨어지다	落ちる			
붙다	(～が)貼る、付く			
누군가	誰か			
벽	壁			壁
손수건	ハンカチ			손手巾
포스터	ポスター			
만지다	触る、触れる			
빠지다	欠席する、抜ける			
미루다	延期する			
행동으로	行動として			行動으로
칠판	黒板			漆板
게시판	掲示板			揭示板
모집 광고	募集広告			募集廣告
깜짝 놀라다	びっくりする			
개봉하다	公開される			開封하다
응원하다	応援する			應援하다
행복하다	幸せだ			幸福하다
-아/어 있다 / 계시다(敬語)	 (完了状態の継続)～ている。(例: 座っている)			
~지 마세요	～しないでください			
~지 말고 ~	～しないで、～	평일에 가지 말고 주말에 가요	平日に行かないで週末に行く	
~말고 ~	(名詞)ではなく、～	한국 음식 말고 중국 음식 먹을까요?	韓国料理ではなく、中国料理食べましょうか	
@ 2-13				
어머	あら！			
하늘	空			
땅	地面、土地			
젖다	濡れる			
찢어지다	破れる			
왠지	なんとなく			
교복	(学校の)制服			校服
인형	人形、縫いぐるみ			人形
얼굴	顔			
어느 팀	どのチーム			
이기다	勝つ			
지다	負ける			
스타일	スタイル			
생각이 나다	思い出す			
직업	職業			職業
곧	すぐに、直ちに			
무릎	膝			
몸이 좋다	体格がいい			
기억이 나다	記憶がある、思い出す			記憶
Vㄴ/은 것 같다	Vたみたいだ [過去]	새벽에 비가 온 것 같아요	夜中雨が降ったみたいです	
V는 것 같다	Vているようだ [現在]	지금 비가 오는 것 같아요	今、雨が降っているようです	
Vㄹ/을 것 같다	Vそうだ [未来]	이따가 비가 올 것 같아요	後で、雨が降りそうです	
A(ㅡ)ㄴ 것 같다	Aようです / Aみたいです			
(A있는 A없는 | A있을 A없을) 것 같다	Aようです / Aみたいです (있다/없다)			
A(ㅡ)ㄹ 것 같다	Aようです / Aみたいです (未来、推測)			
그 영화는 재미있는 것 갓다 <> 그 영화는 재미있을 것 갓다	(比較) A는 것 같다 <> A을 것 같다		あの映画は面白い。あの映画は面白そう	
N인/일 것 같다	Nだと思う、Nでしょう　(推測)		인(見てそう思った)　일(理由はない、なんとなくそう思った)	
N같다	(比喩)Nみたいだ	저 배우는 인형 같아요	あの俳優は人形みたいです	
@ 2-14				
설날, 설	お正月、元旦			
고향	故郷、出身地			故鄕
음력	旧暦			陰曆
모이다	集まる			
차례	お正月やお盆、祖先の誕生日などに行う儀式			茶禮
지내다	行う			
새~	新しい～			
갈아입다	着替える			
떡국	韓国のお雑煮(ぞうに)			
세배	新年の挨拶、お辞儀			歲拜
절	お辞儀			
세뱃돈	お年玉			歲拜돈
성묘	お墓参り			省墓
공연	公演			公演
입장하다	入場する			入場하다
끓이다	(お湯を)沸かす			
표	チケット、切符			票
비자	ビザ			
따라 하다	ある行動に従って真似する			
성	苗字			姓
안주	おつまみ			按酒
일어서다	(席から)立ち上がる			
세탁소	クリーニング屋			洗濯所
돈을 내다	払う			
서울대공원	ソウル大公園(アトラクションや動物園、美術館などがある)			大公園
들르다 들러요	立ち寄る			
이를 닦다	歯を磨く			
후식	デザート			後食
V기 전에	～する前に			
V(ㅡ)ㄴ 후에 / V(ㅡ)ㄴ 다음에	～した後(x2)			
면	麺			麵/麪
스프	スープ			
넣다	入れる			
@ 2-15				
금방	すぐに（바로と곧以外）			今方
별 거 아니지만	つまらないものですが			別?
휴지	トイレットペーパー			休紙
세제	洗剤			洗劑
그냥	そのまま。(何も買わないで)手ぶらで			
오셔도 되는데	いらしてもいいのに			
오히려	むしろ、かえって			
이민을 가다	移住する			移民
들고 가다	持って行く			
입이 무겁다 / 가볍다	口が堅い　口が軽い			
생기다	できる			
A게 생기다	～く見える			
싱겁다	味が薄い、水っぽい			
블랙	(コーヒーの)ブラック	블랙으로 주세요		
와이프	妻、女房			
손이 크다	何かを用意する時などにけちけちしないで気前よくすること			
들리다	聞こえる	음악 소리가 들려요		
집들이	引っ越し祝い			
친척	親戚			親戚
동료	同僚			同僚
상사	上司			上司
~는/(으)ㄴ 편이다	～する方だ			便
A게	Aく / Aに～ (副詞化)	좀 더 싸게  해 주세요	もっと安くして下さい	
V게	Vするように～、Vすることに	들고 가게 잘 싸 주세요	持って行けるようによく包んでください	
V게 되다	Vすることになる	미국으로 이민을 가게 되었습니다	アメリカに移住することになりました	
N이/가 되다 (되었다 = 됐다)	～になる			